00e0eed96febf1cf9d95bd804c60e75df3b0ea2f;走迷宫课程素材/Giga Walking.sprite3
00ec6a8b7ff6fb4bc98fd3ad4383cfe25e8c4566;pset0/My Scratch Project/Sprites/Vegeta/Sprite4.sprite3
00ec6a8b7ff6fb4bc98fd3ad4383cfe25e8c4566;pset0/Sprites/Vegeta/Sprite4.sprite3
0138bb2ecd6413ecacb31e79839ed95f8e1420b4;materials/createYourOwnWorld/Player.sprite3
015b81493c9861d5c8563002bcdc9a05b522c3eb;Enemy.sprite3
0207be6eec888b279604d8e65e8b1b996e85973b;Sprite30.sprite3
027b297addf071d319e05d23689adc65592d5065;Workshop/ballbeta.sprite3
0287ba046da0905f2cf9a7387c91c9a0df304893;1. Videogames - Media/1.6. Insalata di meduse Scratch 3.0/Sprite/piovra.sprite3
02ff2a4ac5b5a42bde7df8c09d7b49cb029134bb;login.sprite3
032fe8152ae19d7039e42801d7fd2426fef12529;scratch/scratch入门正式课/第35讲/角色/guitar.sprite3
032fe8152ae19d7039e42801d7fd2426fef12529;scratch/scratch入门正式课（48讲）/第35讲/角色/guitar.sprite3
03eadb038f8608842b97b5f81bdcc8327a606727;Tree7.sprite3
03fcee787b1f38c69972eb0979caf1831adc23d7;Workshop/Steve/virus.sprite3
0467cb0dd83159ea56f85d21f4330a03c216a5db;missileSprite16 (1).sprite3
0477b742bb953633e6403c606408b38471bde173;1. Videogames - Media/1.6. Insalata di meduse Scratch 3.0/Sprite/fondale2.sprite3
04e04dff976db50763b092a498f33ff0bf5f6794;scratch/scratch入门正式课/第35讲/角色/Up.sprite3
04e04dff976db50763b092a498f33ff0bf5f6794;scratch/scratch入门正式课（48讲）/第35讲/角色/Up.sprite3
04f63261fdf16e6ff9224c938994cdf86ad6d3ea;Scratch/Atores/Pico Walking.sprite3
0510b174209cc885fe04aef13b6fd1be46e6773e;scratch/scratch入门正式课/第30讲/角色/Add.sprite3
0510b174209cc885fe04aef13b6fd1be46e6773e;scratch/scratch入门正式课（12讲）/第11讲/角色/Add.sprite3
0510b174209cc885fe04aef13b6fd1be46e6773e;scratch/scratch入门正式课（48讲）/第30讲/角色/Add.sprite3
052a62dbf64095823699332e567376b5080708ca;MEDIA_CODING_3/FILE MEDIA 3/TROVA LA CHIAVE/Media Scratch 3.0/Sprite/tappeto.sprite3
05a9f3e7340b5555a46f3a379142f98784a892f5;Scratch/PicoApresentação.sprite3
05cec67ce450a912d064869c3b31eb6aafd699c6;Upside Down/Sprite1(Upside Down).sprite3
0631714db75257035cfaa0c2e1b429ec278cb1a7;scratch/sprites/left.sprite3
0660ae0c5b329da34e30553f5be39a143a19b73b;materials/createYourOwnWorld/Key.sprite3
06894ceba7596608e2d35325b272c74b137cf21f;Pac-Man.sprite3
06bdfcc9eb6e377900fc75f261582739ef4cf73d;scratch/scratch入门正式课/第30讲/角色/Delete.sprite3
06bdfcc9eb6e377900fc75f261582739ef4cf73d;scratch/scratch入门正式课（12讲）/第11讲/角色/Delete.sprite3
06bdfcc9eb6e377900fc75f261582739ef4cf73d;scratch/scratch入门正式课（48讲）/第30讲/角色/Delete.sprite3
071214ecd05cbccc17127fad15d2dab0e966e745;MEDIA_CODING_3/FILE MEDIA 3/TROVA LA CHIAVE/Media Scratch 3.0/Sprite/gatto.sprite3
0864dba8fe8022aaa6912fa04f34d707e9a7b434;Player.sprite3
090754f555608794e19d1f1fdb88af0677472e87;单元一过关测验 百花争艳的副本/玫瑰花.sprite3
09140a06893b032e631358fa0374c03007388c84;2. Sala giochi - media/2.3. Frogger/Media Scratch 3.0/Sprite/frog.sprite3
09f03d7ce418a488fa75fc478d53debdff88448a;content/uebungsanleitungen/programmieren/scratch/virus-buster/assets/Injection.sprite3
09f03d7ce418a488fa75fc478d53debdff88448a;uebungsanleitungen/programmieren/scratch/virus-buster/assets/Injection.sprite3
09f5d5a074a795c66832d0185a5469244c09c92f;Level 2.sprite3
0a26786a74ea155ab4ea5fc1fbc6b39332913768;Scratch/Pico Walking.sprite3
0b49333bb4b99c185ddf56342b436fdfa299985e;materials/greenYourCity/WaterDrops.sprite3
0bb4616a0b296c161414ec3c471cdfd639551d48;1. Videogames - Media/1.6. Insalata di meduse Scratch 3.0/Sprite/medusa2.sprite3
0c6079c7b82b3c3a2134a0342ff8359779a391b1;Sprite/Button2.sprite3
0c8521e8784189223aa26cea642b582b44a85de7;Defence2.sprite3
0d12d182c2a1245be2f4b9205c7d092da7c5ce4a;P1 Shot.sprite3
0d15fe0330718b3202908d3671dc77b7ad2ec3dc;Jet by dont drop that.sprite3
0d1d9b9c5057f56919a8669aa977e28d0105e44f;scratch/scratch入门正式课/第21讲/小鱼.角色.sprite3
0d1d9b9c5057f56919a8669aa977e28d0105e44f;scratch/scratch入门正式课（48讲）/第21讲/小鱼.角色.sprite3
0d1d9b9c5057f56919a8669aa977e28d0105e44f;scratch/scratch入门正式课（48讲）/第21讲/素材/小鱼.角色.sprite3
0d1d9b9c5057f56919a8669aa977e28d0105e44f;scratch/scratch学校课程（14讲）/第10讲 大鱼吃小鱼/素材/小鱼.角色.sprite3
0ebf7ec593fd24f403cb362a9bd4068fceb28bbe;scratch/medium/labirinto_reloaded/Labirinto.sprite3
0f641918f5818d61883b525d81fd337b46a52d62;2. Sala giochi - media/2.3. Frogger/Media Scratch 3.0/Sprite/car1.sprite3
0f6c4c76a247be36913e8ca59b87b16014baf1b3;enter.sprite3
1006dca153d61f6f9218384b49ddfc671e8a1b52;MEDIA_CODING_3/FILE MEDIA 3/TROVA LA CHIAVE/Media Scratch 3.0/Sprite/chiave.sprite3
10e562fa80d60356609fc54caa3316c680aa06b4;1. Videogames - Media/1.6. Insalata di meduse Scratch 3.0/Sprite/medusa1.sprite3
1100a64bcde48d41e0565dd3adb35b6497103bd7;Workshop/personnage/doctor.sprite3
1121ebc8f8dca14d56381312052139fbd6397682;MEDIA_CODING_3/FILE MEDIA 3/ALBA NUOVO GIORNO/Media Scratch 3.0/Sprite/Notte.sprite3
118aa3b9d80161cef326f2213af5b33ef5dc3b75;P0-Final-Project/img/Sneaker.sprite3
118aa3b9d80161cef326f2213af5b33ef5dc3b75;_site/P0-Final-Project/img/Sneaker.sprite3
1190fe6365e99ff1ebea8cd48bf6be30097deb6f;scratch创意编程/愤怒的炮弹/角色/泡筒.sprite3
120c23c497f9f4e9475a6f176a492bcd852a2e7c;terminal.sprite3
1212bdc584a3cc0ebf0a89e49b1684d203056e01;scratch/scratch入门正式课（48讲）/课设—愤怒的小鸟/愤怒的小鸟素材/角色/Birds.sprite3
1212bdc584a3cc0ebf0a89e49b1684d203056e01;scratch创意编程/愤怒的小鸟/愤怒的小鸟素材/角色/Birds.sprite3
12515ab5887dbfdf9778b4a069b195242fc81de4;Scratch/Star.sprite3
128842eaf65bae45cae2287ec1c5125dd3a7f12f;materials/digDug/Dragon.sprite3
13a48822422d314f594ddc3800b1bcc322e92dc6;2. Sala giochi - media/2.4. Space Invaders/Media Scratch 3.0/Sprite/astronave.sprite3
1448453225d34e8ca5354c07693a03e2871d0b89;Workshop/changeskin/changeskinvirus.sprite3
15cbd19d5ab561db81b138a37fc68267abe07869;scratch/scratch入门正式课（48讲）/课设—愤怒的小鸟/愤怒的小鸟素材/角色/1VGlass.sprite3
15cbd19d5ab561db81b138a37fc68267abe07869;scratch创意编程/愤怒的小鸟/愤怒的小鸟素材/角色/1VGlass.sprite3
15ff32a3dbed1e38f3d3a5a99ae597f21488634e;Monster.sprite3
161ee11e2ad632c2ecaf1a362d5244d68b18113e;Sprite1.sprite3
1727d5e527d2ff5449a6c0a753abaae37fd36ae2;Sprite1.sprite3
178c1f22b6639813098ae4d47f4b958b98d65dfe;scratch/resources/血量条.sprite3
17cd895f982e69f8230d11cea6b08d88c26a66c5;content/uebungsanleitungen/programmieren/scratch/pac-man/Ghost.sprite3
17cd895f982e69f8230d11cea6b08d88c26a66c5;public/uebungsanleitungen/programmieren/scratch/pac-man/Ghost.sprite3
17cd895f982e69f8230d11cea6b08d88c26a66c5;static/uebungsanleitungen/programmieren/scratch/scratch-pac-man-v3/Ghost.sprite3
17cd895f982e69f8230d11cea6b08d88c26a66c5;static/uebungsbeispiele/scratch/scratch-pac-man-v3/Ghost.sprite3
17cd895f982e69f8230d11cea6b08d88c26a66c5;trainingsanleitungen/scratch/scratch-pac-man-v3/Ghost.sprite3
17cd895f982e69f8230d11cea6b08d88c26a66c5;uebungsanleitungen/programmieren/scratch/pac-man-v3/Ghost.sprite3
17cd895f982e69f8230d11cea6b08d88c26a66c5;uebungsanleitungen/programmieren/scratch/pac-man/Ghost.sprite3
17cd895f982e69f8230d11cea6b08d88c26a66c5;uebungsanleitungen/programmieren/scratch/scratch-pac-man-v3/Ghost.sprite3
17cd895f982e69f8230d11cea6b08d88c26a66c5;uebungsanleitungen/scratch/scratch-pac-man-v3/Ghost.sprite3
17ea1517bb108b5fe96ae950879f111e48830523;AOO Assets/Character SVG Models/SVGs.sprite3
181276ea1d23891f3b72630c1aa63dad40ee8058;Floor3.sprite3
18c233808dbdb6bb79174fb5ee28452043db3fea;gexSprite5.sprite3
192c05b3e520e0f3ddac0e5e0aa2145853053012;1. Videogames - Media/1.4. Tutti al mare Scratch 3.0/Sprite/maiale1.sprite3
193ec2375d45da2f025245c0c61b24cb77b2d2f6;docs/6_codes/Morse.sprite3
19ac1f3190929b8b8f73995da23be17e0bbfaa91;docs/6_codes/Braille.sprite3
1b09f10d6537cc0b394d1b1a987f1d1ef7ca6752;5 水果拼拼乐的副本/素材/第四个字母.sprite3
1b9cba2af994438b2638df24c7965baaf1ab9994;fs.sprite3
1b9cba2af994438b2638df24c7965baaf1ab9994;sprite3/fs.sprite3
1c99249d4a24860aea37954848ee0ad5cf56360e;1. Videogames - Media/1.3. Prova a prendermi Scratch 3.0/Sprite/navicella.sprite3
1d2216afa54535263d2de49711f652cb7b98dd72;Greedy-Scratch/menuJugar.sprite3
1d92219d933ecd29229936914f45db8b87867725;content/uebungsanleitungen/programmieren/scratch/dragons-realm/Dragon.sprite3
1d92219d933ecd29229936914f45db8b87867725;public/uebungsanleitungen/programmieren/scratch/dragons-realm/Dragon.sprite3
1d92219d933ecd29229936914f45db8b87867725;static/uebungsanleitungen/programmieren/scratch/scratch-dragons-realm-v3/Dragon.sprite3
1d92219d933ecd29229936914f45db8b87867725;static/uebungsbeispiele/scratch/scratch-dragons-realm-v3/Dragon.sprite3
1d92219d933ecd29229936914f45db8b87867725;trainingsanleitungen/scratch/dragons-realm-v3/Dragon.sprite3
1d92219d933ecd29229936914f45db8b87867725;trainingsanleitungen/scratch/scratch-dragons-realm-v3/Dragon.sprite3
1d92219d933ecd29229936914f45db8b87867725;uebungsanleitungen/programmieren/scratch/dragons-realm-v3/Dragon.sprite3
1d92219d933ecd29229936914f45db8b87867725;uebungsanleitungen/programmieren/scratch/dragons-realm/Dragon.sprite3
1d92219d933ecd29229936914f45db8b87867725;uebungsanleitungen/programmieren/scratch/scratch-dragons-realm-v3/Dragon.sprite3
1d92219d933ecd29229936914f45db8b87867725;uebungsanleitungen/scratch/scratch-dragons-realm-v3/Dragon.sprite3
1f192d83b3d26f66afabbbb79958f480257358ee;materials/astroInvaders/Ufo.sprite3
1f31d435b081cd8173b5fc5951a15b0df54cf367;2. Sala giochi - media/2.3. Frogger/Media Scratch 3.0/Sprite/car2.sprite3
1faa11ab75e0a261d20ee4586cbe3aded153ae47;exit.sprite3
201cd9d3efd8562e5564ae99a78a8d969c05a541;Workshop/Sprite10.sprite3
2038011fd9e6e7e97eff6a97dc5a70c3a1cb3771;scratch/scratch入门正式课（48讲）/课设—愤怒的小鸟/愤怒的小鸟素材/角色/2VGlass.sprite3
2038011fd9e6e7e97eff6a97dc5a70c3a1cb3771;scratch创意编程/愤怒的小鸟/愤怒的小鸟素材/角色/2VGlass.sprite3
20ffcc806654c94bdfa7561c5d309846edb1ac00;Server-Node-Relay/test.sprite3
20ffcc806654c94bdfa7561c5d309846edb1ac00;Server-Node-Relay/tests/test.sprite3
20ffcc806654c94bdfa7561c5d309846edb1ac00;web/assets/test.sprite3
218b3bec90de35db3684aaa11729e581ef1468be;Workshop/levelup/levelup.sprite3
21bb0e259caf829ff3f4a4b43b55c58d068ca374;games/Voltron/assets/voltron2.sprite3
21f945630c07125fc9d5e01e7b618baa890979da;Sprite17.sprite3
221fc9096ec4bd478926f8d38e4aefe9312f65b3;Scratch/GameOver.sprite3
228ff5aab878c27dc661b67636a6bbb7f34d10a8;Projects/chicken hunt/chicken.sprite3
2312e01f33b12ebe96f4fea9cd4977f8aadfb66d;WallDissapear1.sprite3
2349a45cc71e09947dce1a430fedbf65fff4c3db;Plant1.sprite3
2353f81d6710524e4a377c9d72711336a0688c2c;Nave.sprite3
2353f81d6710524e4a377c9d72711336a0688c2c;Scratch/Nave.sprite3
237dc8500a2705fb9bf38c06450beda1044aa5fb;1. Videogames - Media/1.3. Prova a prendermi Scratch 3.0/Sprite/alieno3.sprite3
248a886b0045731701838a31567c334ca1a6e5e2;Workshop/medicament/Bowtie.sprite3
24a26adcebf2e1bbfc6384364071b043acccf60f;assets/Scratch Cat.sprite3
25009fa104cb6a96c34330c43772de056a535755;5 水果拼拼乐的副本/素材/第二个字母.sprite3
2522581e1f4abb2f19a36194b9e3faceffe107f1;content/uebungsanleitungen/programmieren/scratch/whack-a-gopher/img/gopher.sprite3
2522581e1f4abb2f19a36194b9e3faceffe107f1;public/uebungsanleitungen/programmieren/scratch/whack-a-gopher/img/gopher.sprite3
2522581e1f4abb2f19a36194b9e3faceffe107f1;static/uebungsanleitungen/programmieren/scratch/scratch-whack-a-gopher/gopher.sprite3
2522581e1f4abb2f19a36194b9e3faceffe107f1;static/uebungsbeispiele/scratch/scratch-whack-a-gopher/gopher.sprite3
2522581e1f4abb2f19a36194b9e3faceffe107f1;trainingsanleitungen/scratch/scratch-whack-a-gopher/gopher.sprite3
2522581e1f4abb2f19a36194b9e3faceffe107f1;uebungsanleitungen/programmieren/scratch/scratch-whack-a-gopher/gopher.sprite3
2522581e1f4abb2f19a36194b9e3faceffe107f1;uebungsanleitungen/programmieren/scratch/whack-a-gopher/gopher.sprite3
2522581e1f4abb2f19a36194b9e3faceffe107f1;uebungsanleitungen/programmieren/scratch/whack-a-gopher/img/gopher.sprite3
2522581e1f4abb2f19a36194b9e3faceffe107f1;uebungsanleitungen/scratch/scratch-whack-a-gopher/gopher.sprite3
257d68b3115f3c4dbfaf77d04c0cc4c24a31a96a;materials/digDug/DigDug.sprite3
25ad778ffc4df6edac6007e08a8be5d0e6dc2292;spirit/스크래~1/Mole.sprite3
25ad778ffc4df6edac6007e08a8be5d0e6dc2292;spirit/진로체~1/스크래치 소스/Mole.sprite3
25ad778ffc4df6edac6007e08a8be5d0e6dc2292;spring/.metadata/.plugins/org.eclipse.wst.server.core/tmp1/wtpwebapps/KakaoTalk_File_20190614_1732_31829/resources/upload_file/20195811141663.sprite3
25ad778ffc4df6edac6007e08a8be5d0e6dc2292;spring/.metadata/.plugins/org.eclipse.wst.server.core/tmp1/wtpwebapps/KakaoTalk_File_20190614_1732_31829/resources/upload_file/20195812235880.sprite3
25ad778ffc4df6edac6007e08a8be5d0e6dc2292;spring/.metadata/.plugins/org.eclipse.wst.server.core/tmp1/wtpwebapps/KakaoTalk_File_20190614_1732_31829/resources/upload_file/2019581933372.sprite3
25ad778ffc4df6edac6007e08a8be5d0e6dc2292;spring/.metadata/.plugins/org.eclipse.wst.server.core/tmp1/wtpwebapps/KakaoTalk_File_20190614_1732_31829/resources/upload_file/2019582553498.sprite3
261e11958d230a4d6511669ed192efac5b8acaf5;docs/6_codes/Pigpen.sprite3
266f4f84dc1820b36eaeaaf2c1d4f06c61556805;moorhuhn2.sprite3
2686db19c44b37337fe806373c27a327371c88cb;MEDIA_CODING_3/FILE MEDIA 3/DRAGO MATEMATICO/Media Scratch 3.0/Sprite/drago viola.sprite3
26dfe33073c186b572279821c3a3f454f15c2ab8;scratch/resources/3-2-1-go特效.sprite3
271b81fc2472f1d8c76fb57780e40a74120aea3d;MEDIA_CODING_3/FILE MEDIA 3/SIBILLA/Media Scratch 3.0/Sprite/foglia.sprite3
2793bd851ab0413960a6bb24de3b2a908ee239e6;scratch/pesci/Pesce.sprite3
279a8342ab5bd0aebfebab5e71fc9ef0d0e3c26e;materials/duckHunt/Duck.sprite3
295974ff3fb82a6f98f0de4413e0456f6b52d422;1. Videogames - Media/1.1. Schiaccia la zanzara Scratch 3.0/Sprite/zanzara.sprite3
29caacf5ae8b52ac882cbd002b175faa29285b26;proyectos/04Crono/display09.sprite3
29dce888294caf44447b2cd1635055acae1ce715;2. Sala giochi - media/2.4. Space Invaders/Media Scratch 3.0/Sprite/invaders.sprite3
2a02086e91c4d8bae62212f5f32916d9a71e0bcb;Basketball.sprite3
2a54c4f733ce67ad3e95cde9e4d9d177ed50a72c;scratch/scratch入门正式课（48讲）/课设—愤怒的小鸟/愤怒的小鸟素材/角色/3HStick.sprite3
2a54c4f733ce67ad3e95cde9e4d9d177ed50a72c;scratch创意编程/愤怒的小鸟/愤怒的小鸟素材/角色/3HStick.sprite3
2a9f6bf8992d46162956210d873f72c16b6ea229;2 小小魔术师的副本/素材/鸽子.sprite3
2ade1de4f4010337047972f3c28635c7d663f050;ExplosionSprite3.sprite3
2b2b8a1c22f02925d104f0d89e3b1fd0115fb8b8;menu2.sprite3
2c30bfed5326571b8de121116cf56615cc2516ba;2. Sala giochi - media/2.2. Arco e frecce/Media Scratch 3.0/Sprite/cursore.sprite3
2c489a53fc95f88e7a0841c28333eb734784f78d;Pole.sprite3
2c76848d7d5b1d1a95674dc6c67bda4a382e2718;materials/createYourOwnWorld/Sign.sprite3
2cb9604dc8330a05531c130fc3f8f8728a3c3768;22.sprite3
2d14ebe838da75359d8f74dc824e3a882c514d4b;Defence3.sprite3
2d98b9da2fcc77589febfd892dc2b897655d1f01;P0-Final-Project/img/Trash.sprite3
2d98b9da2fcc77589febfd892dc2b897655d1f01;_site/P0-Final-Project/img/Trash.sprite3
2e6759db5ea13ad7f53cbc84baf59e3432b0d3d0;Sprite/p1 score.sprite3
2f05a8fa3487b609234aa324697f858353208130;Player Life.sprite3
2f128ab37296cbe20b6cce72c399f04913d83071;launcher.sprite3
2f18a1303154bf5013c90e2c3586613af4494cab;2. Sala giochi - media/2.2. Arco e frecce/Media Scratch 3.0/Sprite/freccia.sprite3
2f3d8db54cd15698fce6769a724f286e775d0a8c;Workshop/gameover/gameover.sprite3
3072a2b9ac4697520b3143482b7255d554c9f5a2;materials/burgerShop/Patties.sprite3
3080ca0b0e5b9c30f60d9d1c2aa15e8e6bba25b3;qBlockCoin.sprite3
30eb3e1079bdc0f4dca264f83723b5037bc25f7b;scratch/scratch入门正式课（48讲）/课设—愤怒的小鸟/愤怒的小鸟素材/角色/2VStick.sprite3
30eb3e1079bdc0f4dca264f83723b5037bc25f7b;scratch创意编程/愤怒的小鸟/愤怒的小鸟素材/角色/2VStick.sprite3
315488c76846cfe7faf2a39fc8fa831c7dc0453b;Sprite2.sprite3
324bfc6c8c12e890fd29fe708fa320866eb4eab9;materials/createYourOwnWorld/Chest.sprite3
324de9bdf16ac70e10483a834b89ecec9075e841;MEDIA_CODING_3/FILE MEDIA 3/LUMACODROMO/Media Scratch 3.0/Sprite/Mazzo1.sprite3
32a66c379233af17fb01f23571e160657005487a;encoder.sprite3
3306f5647371f8953cd247740c7112ea6155199f;AOO Assets/Background Bits/RGB Keyboard.sprite3
336628ebfe957752efc0a6bf6239d3dc16bd3387;info1.sprite3
339066c7a74abc2aae699d844476df8100caa7e4;单元一过关测验 百花争艳的副本/向日葵.sprite3
3398264dd4dd4b9c7978520f6c2480c92d4fcef0;TIE-Laser.sprite3
345dbf9816a906f78c848172d5404a649617e4b4;Wall1.sprite3
349b4953ad5beb5eeb267b6695e110f0b8822f24;Sprite5crosshair.sprite3
34a3a03b0baa7632b78856d732c2afc5490392fd;Monster Life.sprite3
34cb6fecd62750f3d2167c4d302e6ee06768dc4f;BombSprite3.sprite3
354001491b80f7da1051e3760385d8fa4e0b3443;ASSC 3rdGEN DSEV.sprite3
364471ccf2813171d278cfe9e0d0ba7e9d5be1a7;MEDIA_CODING_3/FILE MEDIA 3/LUMACODROMO/Media Scratch 3.0/Sprite/lumaca1.sprite3
3682f9459d64cf337cedc498c9314d2f0f9fba49;scratch/scratch入门正式课（48讲）/第44讲/打鸭子素材/角色/Duck1.sprite3
3682f9459d64cf337cedc498c9314d2f0f9fba49;scratch/scratch入门正式课（48讲）/课设—打鸭子/打鸭子素材/角色/Duck1.sprite3
3682f9459d64cf337cedc498c9314d2f0f9fba49;scratch创意编程/保卫家园/保卫家园素材/角色/Duck1.sprite3
3682f9459d64cf337cedc498c9314d2f0f9fba49;scratch创意编程/打鸭子/打鸭子素材/角色/Duck1.sprite3
36c5b6834b7874f55ce5489fbd9888be53e204e1;Bullet.sprite3
36c5b6834b7874f55ce5489fbd9888be53e204e1;assets/Bullet.sprite3
37397eb749aaf29f216077f1b2e173faa8779979;voice_cube.sprite3
375b8d15c33910ddf34ab94f65ec40ceecafce48;2021/06/19/20210619145304.sprite3
38bae5fd92f1dac78236a45a18c2fdf977ffc2fd;zombie_devin.sprite3
3aa6787676e0233357507619f27899fc58cb7057;materials/duckHunt/Dog.sprite3
3bae0c9b9570c9ff42a9077c3883bd9ec1c1cf05;Ground.sprite3
3c15fc01f8f87a8f9d47fdf9a7cafd2a34d0eb5e;Coin.sprite3
3d1ea07c961b13138e7f9a571ca78a3e9219f6a7;ContributersONLY/ReplaceCore/NOEXTRACT/core.dll.sprite3
3d35d589bf92bcef5481a7b82a794ea204399599;content/uebungsanleitungen/programmieren/scratch/ninja-jump'n'run/assets/Diamant.sprite3
3d35d589bf92bcef5481a7b82a794ea204399599;uebungsanleitungen/programmieren/scratch/ninja-jumpnrun/assets/Diamant.sprite3
3d3b802a4f7e8b2bda916723fa93cb2226d6cb38;scratch/sprites/down.sprite3
3d62ee4ec03451ff18fe11d033a078a294bad547;5 水果拼拼乐的副本/素材/第六个字母.sprite3
3dad1b2f7e948a5b1c72c034dc4813566fd6469c;CS50/Lec 0/Scratch/Oscar Remake/Pieces/Newspaper.sprite3
3e3d63e83f8da6b9927561926819aab70fa46359;Scratch/Star.sprite3
3e3d63e83f8da6b9927561926819aab70fa46359;Star.sprite3
3e5629719ea615c57e616a5d70902a212a74f056;Floor1.sprite3
3e8e479fc38c193d7b13930c92dad1d6839f47f7;Sprite2crosshair.sprite3
3ed3f04fa5376619bcc7c108de5974b5706962b1;Tärning1.sprite3
3f06f96348f197ed238169daeb2c990bb95866d9;tärning.sprite3
409a3c8c47871774fde270ab275c8a7e42873570;Sprite1crosshair.sprite3
409d4567df3ea88ce29240c8c9f5290f47c53acf;Term 1/player.sprite3
409d4567df3ea88ce29240c8c9f5290f47c53acf;player.sprite3
40f3139ff492b4d5958f5cb236024af59324dcc7;MEDIA_CODING_3/FILE MEDIA 3/ZITTO E NUOTA/Media Scratch 3.0/Sprite/bolla.sprite3
40f3167c3eb6335555d8ec10d8ccb68d891fbebb;materials/donkeyKong/Barrel.sprite3
41da368cd59d02f179ee3157155b7e0ad10b8189;scratch/scratch入门正式课/第30讲/角色/Insert.sprite3
41da368cd59d02f179ee3157155b7e0ad10b8189;scratch/scratch入门正式课（12讲）/第11讲/角色/Insert.sprite3
41da368cd59d02f179ee3157155b7e0ad10b8189;scratch/scratch入门正式课（48讲）/第30讲/角色/Insert.sprite3
43084e87f9660ee7864d17b930f40f1bd8ac6cfe;Workshop/Sprite9.sprite3
437f028fec7807cbb5a1b331f883bebd9f8d29fc;materials/duckHunt/Shell.sprite3
4411a176e66780254ec9fd0030aee9bae61dc929;materials/catchTheDots/Controller.sprite3
444232129e39e70914790e2edde7dfa3ecde7d4a;scratch/scratch入门正式课/第35讲/角色/flute.sprite3
444232129e39e70914790e2edde7dfa3ecde7d4a;scratch/scratch入门正式课（48讲）/第35讲/角色/flute.sprite3
4545359da38510b9e34cde6bc6375be50c4e02d7;docs/6_codes/Text.sprite3
456e574a3470eb8ed7cf8aff6c1dc4a212120b6a;testscript.sprite3
45e1bb317bab47e34eae07861b2205a931fd5518;9. SCRATCH/projects/Object.sprite3
464379d1a7244eaec43625b9ef2abbc112b46e15;Greedy-Scratch/menuSonidoON.sprite3
46cafe67e79459daec05181d76c1bf996b56b61e;Scratch/Ball.sprite3
47ad72110c16158def3eb173fa3436dc135cdef6;materials/angryBirds/Pig.sprite3
47e396a5b9ed0b1f98a85df2a6f235d9c712e7aa;mia.sprite3
47fd6bf0e4256d1e04466ad8998895665beb1dee;art1.sprite3
487b7174d49c54f49af353480baef7e4cab1b1e0;pset0/My Scratch Project/Sprites/Goku/Sprite2.sprite3
487b7174d49c54f49af353480baef7e4cab1b1e0;pset0/Sprites/Goku/Sprite2.sprite3
4973dc1be70efc90d4af443016933856532440d9;Fun Sprites/Pacman.sprite3
498b0024798bd7a135d840ab4b75e110766843ef;db/development.sprite3
49f9ef4d892b5a927073b7b7b5fd50f64163b625;Pipes.sprite3
4b838facc3a975420b4ed0f077b81c8a14c22146;2. Sala giochi - media/2.1. Pong/Media Scratch 3.0/Sprite/Paddle B.sprite3
4be64b47198ecbadce7d093139c3015d437b991d;res/Labyrinth.sprite3
4c33d356d511526cedfeba4e7372a47ce17e4918;scratch/Sprite7.sprite3
4ca28f772c906c1d8da00bf8a2496f833dd79913;docs/4_scenario/Text.sprite3
4d038292fa288c7ed2b1990fccc0c1af04d644f7;Sprite114.sprite3
4e47de52ead539d546ea6450d45b9d7b16cfc2b2;terminal2.sprite3
4ee3437e4239204098b8e7cc0bc740cd5f52b3f5;PicoPergunta.sprite3
4ee3437e4239204098b8e7cc0bc740cd5f52b3f5;Scratch/PicoPergunta.sprite3
4f17c3d2e74a805df4949d452b0af4bcaf5c6272;files/on3/redlibra_for_scocus_1.0.1.sprite3
4f3d269947bdd9787404c56b7c6625d8416866b6;loginbutton.sprite3
4f4afb7993a8ab133e5b05d394d403c8ad2a8810;explosion.sprite3
5026e0532071551ea1cc84827481fb50b072af3b;detttt.sprite3
5037f37800953e1b80129983b0ac7e9e73058d6a;2. Sala giochi - media/2.1. Pong/Media Scratch 3.0/Sprite/B.sprite3
50835f0f4b88c15f38ef1765e0bf6093666823f1;scratch/scratch入门正式课（48讲）/课设—愤怒的小鸟/愤怒的小鸟素材/角色/Sling.sprite3
50835f0f4b88c15f38ef1765e0bf6093666823f1;scratch创意编程/愤怒的小鸟/愤怒的小鸟素材/角色/Sling.sprite3
51262d8fb155a6dd92b407f4ff9c6284c794ccd9;Sprite109.sprite3
51baf25bb875d98f0486f425b6ae4510546e6332;DIRECTIONAL GUNSprite1.sprite3
5303ca177297a4e2339cdf21bcc26fb3d4de6660;Fun Sprites/Pacman.sprite3
53a5263f99822ddd744359d20f4626554b7fdf75;pset0/My Scratch Project/Sprites/Vegeta/Sprite6.sprite3
53a5263f99822ddd744359d20f4626554b7fdf75;pset0/Sprites/Vegeta/Sprite6.sprite3
53ca3ed6e0d725fec1413cac6e6a363b2c159a54;docs/6_codes/Pigpen.sprite3
541d04a504cfc45601133d9373ac68c318c91d94;missileSprite22 (1).sprite3
543849d94c2dfef7fed3d7e401b2072ce72e301b;backround.sprite3
54b9d7e13989ab5cbecf8eb4ac5a4a9e88f3626b;Workshop/Sprite8.sprite3
562a88375f7bb4f4e0fe1b76ab1dabac13cae73e;1 悟空变变变的副本/素材/大树.sprite3
57091789a6c67e561782dbb7e99207da8df218a5;1. Videogames - Media/1.6. Insalata di meduse Scratch 3.0/Sprite/tartaruga2.sprite3
577525d282aa11340ecb9a56e724a5b2a43dd5ba;scratch/scratch入门正式课（48讲）/课设—愤怒的小鸟/愤怒的小鸟素材/角色/1HStick.sprite3
577525d282aa11340ecb9a56e724a5b2a43dd5ba;scratch创意编程/愤怒的小鸟/愤怒的小鸟素材/角色/1HStick.sprite3
584b7a25cf13770ad51994946c4386046f74fd0e;materials/greenYourCity/PinkFlower.sprite3
585c458ebfb8019cd044f300b85e1af0cdf83e50;content/uebungsanleitungen/programmieren/scratch/ninja-jump'n'run/assets/Schlange.sprite3
585c458ebfb8019cd044f300b85e1af0cdf83e50;uebungsanleitungen/programmieren/scratch/ninja-jumpnrun/assets/Schlange.sprite3
58ead024d9320c50bb3f569f75dac6fe976547de;Renderer.sprite3
590417febd7ad3c5ad847a08ad292bdff11fefe3;scratch/sprites/right.sprite3
5990a5a08254d579f6f86e722ae1ad847da2c0fb;giga.sprite3
59f2e9232564f10eb3ad9faee574988854c407ac;BUENO1.sprite3
5a02c0f44867db7780604284ccd0208d113c3d4b;materials/pitfall/Player.sprite3
5a5327537bd3941bc3f3fb1f35219df35a3f753e;materials/paintBox/Eraser.sprite3
5b1c40dcdc64720ed07f1e9bb7eb35bf459a1a94;testscript.sprite3
5b4d8229646b00a5b7c63cc2a8845b84bdbd63e8;B1/Scratch/Sprite1.sprite3
5b4d8229646b00a5b7c63cc2a8845b84bdbd63e8;Sprite1.sprite3
5b964618924a6bd0d29e1a862383b55ea50c10d5;Workshop/Anna/buton_start.sprite3
5c3e08514a80fef45561f4d14e47465298032c68;Cat.sprite3
5c3e08514a80fef45561f4d14e47465298032c68;assets/Cat.sprite3
5c736258811011d28a54af45604c8ebd64549947;MEDIA_CODING_3/FILE MEDIA 3/SIBILLA/Media Scratch 3.0/Sprite/bottone1.sprite3
5c917726c07b00eb39b0af18bd997093f662655a;scratch/sprites/runner1.sprite3
5d0252868384290093c5387489811c9a930bd5d6;scratch/scratch入门正式课/第21讲/大鱼.角色.sprite3
5d0252868384290093c5387489811c9a930bd5d6;scratch/scratch入门正式课（48讲）/第21讲/大鱼.角色.sprite3
5d0252868384290093c5387489811c9a930bd5d6;scratch/scratch入门正式课（48讲）/第21讲/素材/大鱼.角色.sprite3
5d0252868384290093c5387489811c9a930bd5d6;scratch/scratch学校课程（14讲）/第10讲 大鱼吃小鱼/素材/大鱼.角色.sprite3
5d5d983685ae9d2e4bc548752106b2b0581d08d7;materials/greenYourCity/BlueFlower.sprite3
5dda7cbfe0e8b11044c51a4b0e30a5671b9d9a2d;pipes.sprite3
5efa6ec85637d1927bcbc5900974787095c2ebc4;testscript.sprite3
5f475bba587f07b28d3d9b6b5d66b9bd11e9a452;Scratch/Button1.sprite3
600f27d3d37f1f4f29139e3bb70a96d235557010;Sprite7.sprite3
60d4b0dc03d8076d6dbfc538e233b5dae1f1ecc1;Lampara.sprite3
61149b1571b13c4a0dcad843541f94aee89df5d9;PicoSaida.sprite3
61149b1571b13c4a0dcad843541f94aee89df5d9;Scratch/PicoSaida.sprite3
62688de4500b115e1181580ba8f53a4fc5a91186;materials/greenYourCity/Helicopter.sprite3
62a696c7c71bd5b39c57d27226ad926c50f6a12d;Scratch/PicoPergunta.sprite3
637cfe217ad2e2466dc5d2d0b0110735b925ab1e;scratch创意编程/愤怒的炮弹/角色/炮弹.sprite3
63802a6e46eea9b6626d3bbe1239978ff620f614;coinDigit1.sprite3
63c218720d87d452e8d57d68e5bfe783b4455554;pset0/My Scratch Project/Sprites/Goku/Sprite1.sprite3
63c218720d87d452e8d57d68e5bfe783b4455554;pset0/Sprites/Goku/Sprite1.sprite3
63eeb42aab7570dddce940cc90ca4185e4121385;1. Videogames - Media/1.6. Insalata di meduse Scratch 3.0/Sprite/medusa3.sprite3
63f67682c8f0d76d1eceff13352ea4bbd35e90c8;terminal5.sprite3
6471ba462cad3395ac4e4b85e3a58c9f757207d2;Workshop/virus/virus.sprite3
64ab1753c2b4dfde939c82376640da56d472d7d3;materials/angryBirds/Birds.sprite3
64e65ee78e907ec2d2fb4512eeb4cd6af6574351;scratch/scratch入门正式课/第32讲/角色/Signs.sprite3
64e65ee78e907ec2d2fb4512eeb4cd6af6574351;scratch/scratch入门正式课（48讲）/第32讲/角色/Signs.sprite3
65c9df25e453fee039c5b2c8633e1d7cdd82ca50;content/uebungsanleitungen/programmieren/scratch/dragons-realm/Tiles.sprite3
65c9df25e453fee039c5b2c8633e1d7cdd82ca50;public/uebungsanleitungen/programmieren/scratch/dragons-realm/Tiles.sprite3
65c9df25e453fee039c5b2c8633e1d7cdd82ca50;static/uebungsanleitungen/programmieren/scratch/scratch-dragons-realm-v3/Tiles.sprite3
65c9df25e453fee039c5b2c8633e1d7cdd82ca50;static/uebungsbeispiele/scratch/scratch-dragons-realm-v3/Tiles.sprite3
65c9df25e453fee039c5b2c8633e1d7cdd82ca50;trainingsanleitungen/scratch/dragons-realm-v3/Tiles.sprite3
65c9df25e453fee039c5b2c8633e1d7cdd82ca50;trainingsanleitungen/scratch/scratch-dragons-realm-v3/Tiles.sprite3
65c9df25e453fee039c5b2c8633e1d7cdd82ca50;uebungsanleitungen/programmieren/scratch/dragons-realm-v3/Tiles.sprite3
65c9df25e453fee039c5b2c8633e1d7cdd82ca50;uebungsanleitungen/programmieren/scratch/dragons-realm/Tiles.sprite3
65c9df25e453fee039c5b2c8633e1d7cdd82ca50;uebungsanleitungen/programmieren/scratch/scratch-dragons-realm-v3/Tiles.sprite3
65c9df25e453fee039c5b2c8633e1d7cdd82ca50;uebungsanleitungen/scratch/scratch-dragons-realm-v3/Tiles.sprite3
65e00c78dd801bb5d70a22a81ed31a15fa827a7e;1. Videogames - Media/1.5. Ombrello pazzerello Scratch 3.0/Sprite/ombrello1.sprite3
66b18b109b57428e7c37504f0ba975adc8e8518e;content/uebungsanleitungen/programmieren/scratch/virus-buster/assets/Vaccines.sprite3
66b18b109b57428e7c37504f0ba975adc8e8518e;uebungsanleitungen/programmieren/scratch/virus-buster/assets/Vaccines.sprite3
6774e2be9ee814775a32df9021a06d5a85953ed1;Figur7.sprite3
67fc26b58affc56e3a4d66751748325adf9bcf7d;2. Sala giochi - media/2.3. Frogger/Media Scratch 3.0/Sprite/semaforo.sprite3
6961d5d58d4f305f78515e5b8ea4427d0c772675;exit8.sprite3
6a108ab38dc5e50b7ae017548a612744bbb15988;Tube_01.sprite3
6a2197cf28e54459c3da734f653290f623f5c68f;scratch/scratch入门正式课（48讲）/第44讲/打鸭子素材/角色/Sight.sprite3
6a2197cf28e54459c3da734f653290f623f5c68f;scratch/scratch入门正式课（48讲）/课设—打鸭子/打鸭子素材/角色/Sight.sprite3
6a2197cf28e54459c3da734f653290f623f5c68f;scratch创意编程/保卫家园/保卫家园素材/角色/Sight.sprite3
6a2197cf28e54459c3da734f653290f623f5c68f;scratch创意编程/打鸭子/打鸭子素材/角色/Sight.sprite3
6aee89e6687d366bd3e387daa31e77a147d31e6e;scroll back.sprite3
6baab0aec0a19ff8ab1f4d8acd17c1c2b387403f;materials/digDug/Rock.sprite3
6ddb6a7c7739e837358f1a584797170858a60aeb;Workshop/start/buton start.sprite3
6e2c655fd9b8d7a007b496bff0ab2de29bfd01bb;MEDIA_CODING_3/FILE MEDIA 3/DRAGO MATEMATICO/Media Scratch 3.0/Sprite/drago rosa.sprite3
6e5f3e70f1efe504764718bd3e69d2b074bff299;Workshop/changeskin/skinvirus.sprite3
6f269ee6534be81a8800912652a8121772a527f1;mySprite/sign.sprite3
6f93ab3b1938dc8c802872bde49fe12ccec3420f;Floor5.sprite3
6fdbb63c71cc2bce6b3ecf4ae6e731a7777998d8;Workshop/Bowtie2beta.sprite3
7042a26347a50e8dd6e54d353603c0619e26f990;Workshop/virus/virus_steve/Ball3.sprite3
70552f331ca7baccf031bc3a5b6ccf14a45588eb;Sprite18.sprite3
710f3d635059c87d34acdeb2f7310b08d372b481;ماجد.sprite3
71f79bb85ef48abff1b394104f12b97aafa1f940;materials/astroInvaders/Mothership.sprite3
722b4400afdf83d37f555dc45d61e92659ea3ed5;explosionSprite9.sprite3
72656c19608bf66ed5c0eb35dd940a736f39510f;decoder.sprite3
72c054bd5877cab2df86e1002e02230718418894;enter2.sprite3
72c5884cacbef5d52acc65c24d5fff2146940fc0;Incoming2.sprite3
72f999efb6d8275e40ca58a4d2d849f09d72a9da;ExplosionYSprite2.sprite3
73ba023c4ee8d4efabb878db813664db4836acc9;1. Videogames - Media/1.4. Tutti al mare Scratch 3.0/Sprite/maiale2.sprite3
73f24d9a6b6851b9f706f06133e4d790fdfb74b8;Gogito2 (1).sprite3
744cec16cc5b98055d074512e0f4bb568c5ecb39;Pico Walking.sprite3
744cec16cc5b98055d074512e0f4bb568c5ecb39;Scratch/Pico Walking.sprite3
749b33d6b64eac454495d7c48f95549b329f6694;1. Videogames - Media/1.5. Ombrello pazzerello Scratch 3.0/Sprite/bambina.sprite3
74a2c0b284b299e62e27be378b3a523b5a4e81bb;Screenshot from 2020-09-29 17-50-47.sprite3
7516b5aba5a0c784b5637a16001b187851f5dd31;1. Videogames - Media/1.3. Prova a prendermi Scratch 3.0/Sprite/alieno1.sprite3
754beb60b5a468ddad7d456102e2d44292616eb4;Flag.sprite3
756df9f68251bc9a20a40e85d81d7cf5746a11c3;scratch/sprites/runner2.sprite3
766721d70a98a3a3112b9c17ef3231c3179bf6f1;1. Videogames - Media/1.6. Insalata di meduse Scratch 3.0/Sprite/scritta.sprite3
7818e1a1d036de9a627f85315b0dcfb0ec542144;Sprite3crosshair.sprite3
78557dc135528362f9fa8ff456718701b4282274;materials/createYourOwnWorld/Door.sprite3
789ff509e10a6afe56e1f9b5d287f26cb9628044;scratch/scratch入门正式课（48讲）/课设—愤怒的小鸟/愤怒的小鸟素材/角色/2HStick.sprite3
789ff509e10a6afe56e1f9b5d287f26cb9628044;scratch创意编程/愤怒的小鸟/愤怒的小鸟素材/角色/2HStick.sprite3
797311b2c7e43648f1330f996efae8e3890568f3;scratch/scratch入门正式课/第32讲/角色/Landscape.sprite3
797311b2c7e43648f1330f996efae8e3890568f3;scratch/scratch入门正式课（48讲）/第32讲/角色/Landscape.sprite3
79bd06452bc241c060c142262c8f3084695c13d0;scratch/scratch入门正式课（48讲）/第44讲/打鸭子素材/角色/Shot.sprite3
79bd06452bc241c060c142262c8f3084695c13d0;scratch/scratch入门正式课（48讲）/课设—打鸭子/打鸭子素材/角色/Shot.sprite3
79bd06452bc241c060c142262c8f3084695c13d0;scratch创意编程/保卫家园/保卫家园素材/角色/Shot.sprite3
79bd06452bc241c060c142262c8f3084695c13d0;scratch创意编程/打鸭子/打鸭子素材/角色/Shot.sprite3
79c3f46bddafba8ebf9d2400545f162434b1cb00;materials/greenYourCity/GreenFlower.sprite3
7a3596ea3bfc33b07bd0b5b44dfe78a839834979;Sprite112.sprite3
7afa84723076cfe7137d7215bd6f5ffdcd51f768;ground.sprite3
7b02a6debb497a49030089504d9cf21bfc458181;teaching/课程天梯/107-1 小游戏 小猫捡金币/钉子.sprite3
7b5da9c57eab1e6a84fee2ca66671a41918c7ac8;9. SCRATCH/projects/Table.sprite3
7b9061a44face522a2832407b07620dbe0ec607c;1. Videogames - Media/1.5. Ombrello pazzerello Scratch 3.0/Sprite/bambino.sprite3
7be7eb82b3d6d39046c76ae1e2ec148dc899bd88;scratch/scratch入门正式课（48讲）/课设—愤怒的小鸟/愤怒的小鸟素材/角色/Level.sprite3
7be7eb82b3d6d39046c76ae1e2ec148dc899bd88;scratch创意编程/愤怒的小鸟/愤怒的小鸟素材/角色/Level.sprite3
7c79b7b4b74328c5a71f8d69bce593fc749d64f3;Connect_Disconnect.sprite3
7cd7a647a42ec2d9a65ff2737bcf86be96422a3c;Sprite/p1 score2.sprite3
7d3a1f383f4cf57e155434f667fe66c36ccab901;1. Videogames - Media/1.4. Tutti al mare Scratch 3.0/Sprite/oggetti.sprite3
7db2d8b5ecfee48f26eabc51ff57d4de98fafc75;materials/sodaTapper/Player.sprite3
7dc62352823b17811b9d7025b8d216c5d4d0dde3;MEDIA_CODING_3/FILE MEDIA 3/SIBILLA/Media Scratch 3.0/Sprite/sibilla.sprite3
7dca2420bcf811b25b1cb7336c81273691495467;Pen.sprite3
7df94915cca007a78c5250d4a9409240cc6c2525;scratch/scratch入门正式课/第29讲/大鱼.sprite3
7df94915cca007a78c5250d4a9409240cc6c2525;scratch/scratch入门正式课（12讲）/第10讲/素材/大鱼.sprite3
7df94915cca007a78c5250d4a9409240cc6c2525;scratch/scratch入门正式课（48讲）/第29讲/大鱼.sprite3
7e873aa40b4ed3d6125253b1c4f41fcbb189936c;Workshop/retro version/barre.sprite3
7ef7317a16901748e5010eae7b84c8c940c5fe7d;Scratch/Atores/Luz.sprite3
7f12290f58df36560a171862f1971e7db81a9d34;Workshop/masques/Bowtie2.sprite3
7f2b4d47656cb0f5db4efb4ca944771fa51ed11e;Greedy-Scratch/menuSonidoOFF.sprite3
7f4661479db26610366d3f9b7296cee017841eaf;Workshop/personnage/personnage.sprite3
7f62949311313a463a4a4e50b4f899f11c7f0c21;Arrow1.sprite3
7f62949311313a463a4a4e50b4f899f11c7f0c21;Scratch/Arrow1.sprite3
7f9e5d97ec7ff23e29e34282cbb2f1bd95594038;scratch/scratch入门正式课/第35讲/角色/cowbell.sprite3
7f9e5d97ec7ff23e29e34282cbb2f1bd95594038;scratch/scratch入门正式课（48讲）/第35讲/角色/cowbell.sprite3
7fe7aa2a051d5e00f283b7bac819a4c26d497a93;1. Videogames - Media/1.2. Il circuito Scratch 3.0/Sprite/macchia_olio.sprite3
7ff57a8543d2cb74ea1f434a91467e7b03370b9f;scratch/Sprite4.sprite3
7ff8384b7d7b5d3d9751cc7aaf5e231f0e9084ab;exit3.sprite3
803eee5040c0d2b129d18ee99acb2177f68b674d;materials/burgerShop/Ingredients.sprite3
808a82485b3d7123e21b20317fa0fecd66835680;scratch/Sprite6.sprite3
808bb5a12055ebaddde199af482eeae064e423dc;content/uebungsanleitungen/programmieren/scratch/dragons-realm/Fireball.sprite3
808bb5a12055ebaddde199af482eeae064e423dc;public/uebungsanleitungen/programmieren/scratch/dragons-realm/Fireball.sprite3
808bb5a12055ebaddde199af482eeae064e423dc;static/uebungsanleitungen/programmieren/scratch/scratch-dragons-realm-v3/Fireball.sprite3
808bb5a12055ebaddde199af482eeae064e423dc;static/uebungsbeispiele/scratch/scratch-dragons-realm-v3/Fireball.sprite3
808bb5a12055ebaddde199af482eeae064e423dc;trainingsanleitungen/scratch/dragons-realm-v3/Fireball.sprite3
808bb5a12055ebaddde199af482eeae064e423dc;trainingsanleitungen/scratch/scratch-dragons-realm-v3/Fireball.sprite3
808bb5a12055ebaddde199af482eeae064e423dc;uebungsanleitungen/programmieren/scratch/dragons-realm-v3/Fireball.sprite3
808bb5a12055ebaddde199af482eeae064e423dc;uebungsanleitungen/programmieren/scratch/dragons-realm/Fireball.sprite3
808bb5a12055ebaddde199af482eeae064e423dc;uebungsanleitungen/programmieren/scratch/scratch-dragons-realm-v3/Fireball.sprite3
808bb5a12055ebaddde199af482eeae064e423dc;uebungsanleitungen/scratch/scratch-dragons-realm-v3/Fireball.sprite3
809498fe0f73e462083473f77fcec97836ded070;ContributersONLY/ReplaceCore/NOEXTRACT/core.exe.sprite3
8240b0c8f66311fa53ef802330d20007b592fa76;exitbook2.sprite3
82425cf5d1c62d621e259631e2f1377dc9ec20eb;1. Videogames - Media/1.2. Il circuito Scratch 3.0/Sprite/macchina2.sprite3
824cefaa2d9a01ef3b8da82f41d96ba4f6bac13b;Workshop/Steve/Ball23.sprite3
82ae4c44b574e78913a029dadf8d7a5d8cb9c75c;Sprites/Spaceship.sprite3
82d88ef87fdc1c3d4919601d62d43e38e240780b;map.sprite3
83632d60ceea0460efc3c96b679069aee631d863;MEDIA_CODING_3/FILE MEDIA 3/TROVA LA CHIAVE/Media Scratch 3.0/Sprite/porta.sprite3
83a2da4fa3ca34b74e88b9db5653fbf26ad25f5a;materials/digDug/Enemy.sprite3
846a0eda39f5f4dfca63a8370c64a82e975753f8;Level 4.sprite3
8476317f4e040438960bdc158c5a9613bed2d374;Gogito2.sprite3
84b314d868acbf2de0baaa5c1f08d3c6f068c3d8;scratch3/KYOTO_TACHIBANA.sprite3
857fa69125ea88490b996046a52bbd7a2dbcdd34;5 水果拼拼乐的副本/素材/第三个字母.sprite3
85d5589519b4f751c68d3f46f80d4f369e0ac7ff;2. Sala giochi - media/2.1. Pong/Media Scratch 3.0/Sprite/A.sprite3
8724cd2a9371f90a0a4d8b63e93edd6c3f6b52cc;teaching/课程天梯/107-1 小游戏 小猫捡金币/地面.sprite3
873b04eece674595f598c0b91c55ee081fbd4bf6;toast/clay_jj_anna加的吐司.sprite3
8740689aaeef966188054df7b236e5f51d8c262d;content/uebungsanleitungen/programmieren/scratch/ninja-jump'n'run/assets/game_block.sprite3
8740689aaeef966188054df7b236e5f51d8c262d;uebungsanleitungen/programmieren/scratch/ninja-jumpnrun/assets/game_block.sprite3
8775b30448654cb36b838b8f377b0cf00999433e;gexSprite3.sprite3
87a6f463c53a91ac0eb5e9398580fad60e030f2c;scratch/scratch入门正式课/第29讲/小鱼.sprite3
87a6f463c53a91ac0eb5e9398580fad60e030f2c;scratch/scratch入门正式课（12讲）/第10讲/素材/小鱼.sprite3
87a6f463c53a91ac0eb5e9398580fad60e030f2c;scratch/scratch入门正式课（48讲）/第29讲/小鱼.sprite3
87bde042dd1e71f876efd3c22585701b39561af7;scratch/scratch入门正式课（48讲）/课设—愤怒的小鸟/愤怒的小鸟素材/角色/Button.sprite3
87bde042dd1e71f876efd3c22585701b39561af7;scratch创意编程/愤怒的小鸟/愤怒的小鸟素材/角色/Button.sprite3
87fe698bf61e5c9db2265b3e07b25de6f4802c03;gexSprite4.sprite3
886e98394334567b0bace0bebdac65115acaa641;Workshop/sprotebeta.sprite3
88d1758adea62cdb1f7e757babc6ca5f5dbf9912;scratch/scratch入门正式课/第35讲/角色/Down.sprite3
88d1758adea62cdb1f7e757babc6ca5f5dbf9912;scratch/scratch入门正式课（48讲）/第35讲/角色/Down.sprite3
894bce7c3a50b34af419c27b5026a20201baaa28;loginbutton2.sprite3
8a5890c1db9574a0ac49e1e24c08329bc30fe097;Scratch/s3onegpio/scratch-vm/test/fixtures/cat.sprite3
8a5890c1db9574a0ac49e1e24c08329bc30fe097;_scratch_local/scratch-vm/test/fixtures/cat.sprite3
8a5890c1db9574a0ac49e1e24c08329bc30fe097;custom-modules/scratch-vm/test/fixtures/cat.sprite3
8a5890c1db9574a0ac49e1e24c08329bc30fe097;easy-scratch/easy-scratch-vm/test/fixtures/cat.sprite3
8a5890c1db9574a0ac49e1e24c08329bc30fe097;extensions/openblock-vm/test/fixtures/cat.sprite3
8a5890c1db9574a0ac49e1e24c08329bc30fe097;openblock-vm/test/fixtures/cat.sprite3
8a5890c1db9574a0ac49e1e24c08329bc30fe097;packages/scratch-vm/test/fixtures/cat.sprite3
8a5890c1db9574a0ac49e1e24c08329bc30fe097;repos/scratch3-ros-vm/test/fixtures/cat.sprite3
8a5890c1db9574a0ac49e1e24c08329bc30fe097;scratch-vm-develop/test/fixtures/cat.sprite3
8a5890c1db9574a0ac49e1e24c08329bc30fe097;scratch-vm/test/fixtures/cat.sprite3
8a5890c1db9574a0ac49e1e24c08329bc30fe097;scratch/scratch-vm-develop/test/fixtures/cat.sprite3
8a5890c1db9574a0ac49e1e24c08329bc30fe097;scratch/scratch-vm-website/test/fixtures/cat.sprite3
8a5890c1db9574a0ac49e1e24c08329bc30fe097;scratch/scratch-vm/test/fixtures/cat.sprite3
8a5890c1db9574a0ac49e1e24c08329bc30fe097;src/scratch-vm/test/fixtures/cat.sprite3
8a5890c1db9574a0ac49e1e24c08329bc30fe097;test/fixtures/cat.sprite3
8a5890c1db9574a0ac49e1e24c08329bc30fe097;trash/scratch-vm/test/fixtures/cat.sprite3
8a5890c1db9574a0ac49e1e24c08329bc30fe097;vendor/scratch-vm/test/fixtures/cat.sprite3
8aa1fe16f525ce900e3f1ae69ae10a4173b262aa;scratch/resources/比赛倒计时.sprite3
8afcbffb968711787219312ed860538a81b71712;scratch/scratch入门正式课/第26讲/Dory.sprite3
8afcbffb968711787219312ed860538a81b71712;scratch/scratch入门正式课（48讲）/第26讲/Dory.sprite3
8bd278dbbc79a9974272a89339d7d1747cd96d84;Sprite113.sprite3
8c357833fa3f6c2f8484cd7c417edc8e2fd939cc;Level 5.sprite3
8c82552dbb600584950674b51b99bf6649388b2a;content/uebungsanleitungen/programmieren/scratch/virus-buster/assets/CovidParticle.sprite3
8c82552dbb600584950674b51b99bf6649388b2a;uebungsanleitungen/programmieren/scratch/virus-buster/assets/CovidParticle.sprite3
8cf7d77c21afa717d1be15af7d270a0033adb07f;Sprite3.sprite3
8d00beadcd8e6073bb38837d42b164156020456a;exit2.sprite3
8d0a43e00df24663e69c588a8cf3088ea25bf1b3;scratch/scratch入门正式课（48讲）/第44讲/打鸭子素材/角色/Info.sprite3
8d0a43e00df24663e69c588a8cf3088ea25bf1b3;scratch/scratch入门正式课（48讲）/课设—打鸭子/打鸭子素材/角色/Info.sprite3
8d0a43e00df24663e69c588a8cf3088ea25bf1b3;scratch创意编程/保卫家园/保卫家园素材/角色/Info.sprite3
8d0a43e00df24663e69c588a8cf3088ea25bf1b3;scratch创意编程/打鸭子/打鸭子素材/角色/Info.sprite3
8d15d220b52cfe3f425039c4b6f89b0959211e4e;单元一过关测验 百花争艳的副本/郁金香.sprite3
8d3cedc9c232f85f65981509d1d4d908f6917186;games/star wose/assets/millenium falcon.sprite3
8dd508793c859f781aa3e1339ceed6ea73d1ad9c;terminal4.sprite3
8de24860f0d8eea07748a2915489a617e8d02b20;1. Videogames - Media/1.2. Il circuito Scratch 3.0/Sprite/macchina1.sprite3
8e0b538eb5c6f696a135247db83386d9fd5b169e;Sprites/Laser.sprite3
9001db46dbd7b1295b537bd70da2683396e40504;terminal6.sprite3
9052e87755d40d0518122477978e53ce3991f4cb;Sprite22.sprite3
905618dbc4c3397e9429bb5937e54e0229208cd0;Sprites/LavaBall.sprite3
905982e3833c43c4d3aca80349f1863e67c0bd1d;5 水果拼拼乐的副本/素材/水果.sprite3
90d0b0e2f580145fc604db551796df3cc1a4153a;bootup.sprite3
9115c73f45824fe04d4bbd94c623311582b3bd6c;teaching/课程天梯/107-1 小游戏 小猫捡金币/小猫.sprite3
91adfd08bac5f0e9d12a7761ec9b5693f736408b;scratch/scratch入门正式课（48讲）/课设—愤怒的小鸟/愤怒的小鸟素材/角色/3VStick.sprite3
91adfd08bac5f0e9d12a7761ec9b5693f736408b;scratch创意编程/愤怒的小鸟/愤怒的小鸟素材/角色/3VStick.sprite3
927a3c438b42a11f2afd9984fc8f420d4f246c49;اللاعب.sprite3
928f98978fb74a751cf86e2c0ee8a0c828871fda;materials/sprint/FinishLine.sprite3
92b6534118aaaa1e1696bca18ea3a2750c25ff54;Scratch/Atores/PicoApresentação.sprite3
932ce44f306cf0b69027e6e386057747241b5010;scratch/scratch入门正式课/第30讲/角色/Search.sprite3
932ce44f306cf0b69027e6e386057747241b5010;scratch/scratch入门正式课（12讲）/第11讲/角色/Search.sprite3
932ce44f306cf0b69027e6e386057747241b5010;scratch/scratch入门正式课（48讲）/第30讲/角色/Search.sprite3
9340e12140f1175a6977357ef2b063f1873b4c50;Ship-Menu.sprite3
9388062c049d5b5ca98acf285c4462e4d06e494d;test stack.sprite3
93c8320a9919fde0bff9b078981a4c8448a1c0d0;2. Sala giochi - media/2.1. Pong/Media Scratch 3.0/Sprite/Paddle A.sprite3
93ff0bc42eb749e250a33c3fbd27e3692be3b984;Projects/chicken hunt/ammo.sprite3
945998d38740086e472c01dd41455c5d88b8766b;Scratch/Atores/PicoSaida.sprite3
9469027bc25cf62fc6dfb467406ea8bea0d503ae;missileSprite17 (1).sprite3
949b9d1dd5c566caed3fcd04a283b403ea87dca9;3 昼夜交换的副本/素材/公交车.sprite3
94b7206fa81d06989428e4ec39eb07864a2ac94b;Luz.sprite3
94b7206fa81d06989428e4ec39eb07864a2ac94b;Scratch/Luz.sprite3
94f78dd49ce8f4719f5d406d169255cbe8263724;Sprite111.sprite3
9504c663e8ed3b087eba6619536e75701f7c035d;Workshop/vies/3 coeur.sprite3
956b4d06e7ac9231231a58ea737d5aae9e70651c;tärning .sprite3
95d53ef52fd8e50d8862bec4210e3033c7bd29e3;2. Sala giochi - media/2.3. Frogger/Media Scratch 3.0/Sprite/truck.sprite3
9629062970bf8870b4fe3c0128c235c9e4a900d3;Sprite32.sprite3
96297bbf306386e5c10a1b8edefdc2fe4c4c53a8;schatztruhe.sprite3
96734d91dee23d6beae434951a83bc6d888762a9;scratch/scratch入门正式课（48讲）/课设—愤怒的小鸟/愤怒的小鸟素材/角色/1VStick.sprite3
96734d91dee23d6beae434951a83bc6d888762a9;scratch创意编程/愤怒的小鸟/愤怒的小鸟素材/角色/1VStick.sprite3
97b3c4f320dd41a3eb310252dfa891ad4548b46b;Controls .sprite3
98d6201d7cae574ec019f1493872d64097f654df;materials/donkeyKong/Hammer.sprite3
98e0a2d5f0ba3833dfa0304aebb42324e5db6855;2. Sala giochi - media/2.4. Space Invaders/Media Scratch 3.0/Sprite/bomba.sprite3
99353b50edf78cc9fe16852100900b66e057e14e;Sprite22.sprite3
99e8ddccf1fddb7412ce1d88658702805dee5bee;1. Videogames - Media/1.3. Prova a prendermi Scratch 3.0/Sprite/alieno2.sprite3
9ab959ffc05b37feb365e7bb3df0e40a31c9348f;ventilador.sprite3
9b96ef839ab1dcc0e78447b00bac2847c171ba20;lampara.sprite3
9bb9e37d6cc8d697d4791fe0028bce7a167be570;scratch/scratch入门正式课/第42讲/拯救乐高小人素材/角色/水面.sprite3
9bb9e37d6cc8d697d4791fe0028bce7a167be570;scratch/scratch入门正式课（12讲）/第12讲/拯救乐高小人素材/角色/水面.sprite3
9bb9e37d6cc8d697d4791fe0028bce7a167be570;scratch/scratch入门正式课（48讲）/第42讲/拯救乐高小人素材/角色/水面.sprite3
9c0cfdf2b72bfc43420aeaa9278f043c6cbffa09;Defence1.sprite3
9c2cdcd98f22a266a24e449d4c636fb5b0843a85;MEDIA_CODING_3/FILE MEDIA 3/ALBA NUOVO GIORNO/Media Scratch 3.0/Sprite/Sole.sprite3
9c5303165aecbaa7d2af7cdc6420e01ffd42d206;Workshop/Anna/Ball41.sprite3
9ceafa74186b2df000cc5454f86b1c1f00b8a5d8;pset0/My Scratch Project/Sprites/Vegeta/Sprite1.sprite3
9ceafa74186b2df000cc5454f86b1c1f00b8a5d8;pset0/Sprites/Vegeta/Sprite1.sprite3
9e5745433c53eb319b858cb4d38452a1a7d85291;1. Videogames - Media/1.6. Insalata di meduse Scratch 3.0/Sprite/fondale1.sprite3
9e64ebb21aba654885162d1f7dde8bb171f0ebbc;MOUSEGun.sprite3
9f1396c571dd927c5cae1a3e8c9d4b0a8186e69e;Mario Side Bars.sprite3
a129b48737c99f7f43c4c993f412e171ceb10677;单元一过关测验 百花争艳的副本/兰花.sprite3
a1444a77db0181e1bfc8043e9fa6e26ac4b4c318;scratch/scratch入门正式课/第42讲/拯救乐高小人素材/角色/乐高小人.sprite3
a1444a77db0181e1bfc8043e9fa6e26ac4b4c318;scratch/scratch入门正式课（12讲）/第12讲/拯救乐高小人素材/角色/乐高小人.sprite3
a1444a77db0181e1bfc8043e9fa6e26ac4b4c318;scratch/scratch入门正式课（48讲）/第42讲/拯救乐高小人素材/角色/乐高小人.sprite3
a146cc9cb8b45e21eac3f41bb14dcf7e7ec2b185;scratch/scratch入门正式课（48讲）/第44讲/打鸭子素材/角色/FlyDuck.sprite3
a146cc9cb8b45e21eac3f41bb14dcf7e7ec2b185;scratch/scratch入门正式课（48讲）/课设—打鸭子/打鸭子素材/角色/FlyDuck.sprite3
a146cc9cb8b45e21eac3f41bb14dcf7e7ec2b185;scratch创意编程/保卫家园/保卫家园素材/角色/FlyDuck.sprite3
a146cc9cb8b45e21eac3f41bb14dcf7e7ec2b185;scratch创意编程/打鸭子/打鸭子素材/角色/FlyDuck.sprite3
a22444b247a7f52f98bccb5c494cd3973b6c1a22;Spaceship.sprite3
a22c6ac3fe450ead6f2265e9e63b2908c6a28d6c;docs/6_codes/Braille.sprite3
a27e364e3ec0b5cc08b38bfe5f960082bad6fb58;1. Videogames - Media/1.3. Prova a prendermi Scratch 3.0/Sprite/alieno5.sprite3
a3284aa5db7740aba1a8c640ac97dc1188f1ff44;Workshop/powerup/powerup11.sprite3
a3ec31b3f000882fe3f9f06b82d670a4d94d909e;Sprite1.sprite3
a3f6596456261bddb3ed26ca5f68a2ccbd7e49e6;materials/pitfall/Crocodiles.sprite3
a3f9f705f6f1328bf2ed37492f3708efb242c152;فطين (1).sprite3
a6aa3bb515befcc80eb9c610ce89121f35f1b1e0;Workshop/bord/bord2 (1).sprite3
a72dab9ac17358c6a0559b758600e27df3dc0b90;CrossHairs.sprite3
a847b2afbe202790a51a98d59f9b349b45960f1b;gexSprite1.sprite3
a87b58798b10d9fac8aa0a837e45a7190fb53bd2;Sprites/Shield.sprite3
a8d09d4103f8ed719a5332da0f7a977a3af96614;5 水果拼拼乐的副本/素材/第五个字母.sprite3
a8ecfd7d757b6fb37458f6f98013548d61d9ca96;scratch/scratch入门正式课/第35讲/角色/Space.sprite3
a8ecfd7d757b6fb37458f6f98013548d61d9ca96;scratch/scratch入门正式课（48讲）/第35讲/角色/Space.sprite3
a91dbe422d6025489c2cbe1482a33e2184891506;content/uebungsanleitungen/programmieren/scratch/ninja-jump'n'run/assets/Spieler.sprite3
a91dbe422d6025489c2cbe1482a33e2184891506;uebungsanleitungen/programmieren/scratch/ninja-jumpnrun/assets/Spieler.sprite3
a948e25471bf46d8fb4050bf2f937a7cf6600766;Orange Host.sprite3
a9c23226b0f3bdf0220877443c898d390db47276;voice_cube2.sprite3
aa723c229990480e3a57ee8e7142730f227916bb;Scratch/Atores/PicoPergunta.sprite3
aab85da9229a585ba247ab2ac13e5aac9594654e;Sprite/Button1.sprite3
aae6e0571874b6ca5ed51f0628b7bddf40434fe2;sprite/fendente.sprite3
ad9a8cf404ae5434ac66d7e5e088b2543f8dc2f1;scratch/scratch入门正式课（48讲）/第44讲/打鸭子素材/角色/Duck3.sprite3
ad9a8cf404ae5434ac66d7e5e088b2543f8dc2f1;scratch/scratch入门正式课（48讲）/课设—打鸭子/打鸭子素材/角色/Duck3.sprite3
ad9a8cf404ae5434ac66d7e5e088b2543f8dc2f1;scratch创意编程/保卫家园/保卫家园素材/角色/Duck3.sprite3
ad9a8cf404ae5434ac66d7e5e088b2543f8dc2f1;scratch创意编程/打鸭子/打鸭子素材/角色/Duck3.sprite3
addb674ce7ca39d91cc48ee6cfe4ff46a626a007;5 水果拼拼乐的副本/素材/第一个字母.sprite3
ae1d66b5db0a62323e3493ad87b313145aab7824;AOO Assets/Character Pieces/Lipsync.sprite3
ae67398f3fdf9c8f4b7fbd2522c2118a6ccfa56d;scratch/scratch入门正式课（48讲）/第44讲/打鸭子素材/角色/GameOver.sprite3
ae67398f3fdf9c8f4b7fbd2522c2118a6ccfa56d;scratch/scratch入门正式课（48讲）/课设—打鸭子/打鸭子素材/角色/GameOver.sprite3
ae67398f3fdf9c8f4b7fbd2522c2118a6ccfa56d;scratch创意编程/保卫家园/保卫家园素材/角色/GameOver.sprite3
ae67398f3fdf9c8f4b7fbd2522c2118a6ccfa56d;scratch创意编程/打鸭子/打鸭子素材/角色/GameOver.sprite3
aea2d2dd316c5e1236d61093591b82b5fb4ce66e;sprite.sprite3
aeccdd7edcede97ba448d3fd1098ae53f5c8e2ad;Upside Down/Griffin(Upside Down).sprite3
aee2b2b192fac913511f9866fbc4aa46f013146a;Term 1/ball.sprite3
aee2b2b192fac913511f9866fbc4aa46f013146a;ball.sprite3
af44ff8623cb8f770dbdd713bc9039e65e150fbd;YexplosionUntitled2.sprite3
afeac38e3730ac2d3ab92fd8f5413a1af8031881;scratch/pesci/Dory.sprite3
b164de39fda267e9b2f60452d045ab1133e2fed0;materials/sodaTapper/Soda.sprite3
b2c2089cffecaac202ed6558c0aa8a1ab704c5d9;materials/greenYourCity/RedFlower.sprite3
b2e71be608dbc8eddd07c4e87e013179cba7dc1b;scratch/scratch入门正式课/第32讲/角色/Head.sprite3
b2e71be608dbc8eddd07c4e87e013179cba7dc1b;scratch/scratch入门正式课（48讲）/第32讲/角色/Head.sprite3
b33863c4f001d8e5d6a7775975d7f8ab45273365;Workshop/restart/buton_restart.sprite3
b3bdd3bfe4c5bb0c2065019a1a6d689f73f5e689;coins_x.sprite3
b41c1e62095e4ef4a7c205879710f0f46deae7aa;Button3.sprite3
b41c1e62095e4ef4a7c205879710f0f46deae7aa;Scratch/Button3.sprite3
b4503eafa1811fa959e2290586a64a9b4a966218;scratch/scratch入门正式课（48讲）/课设—愤怒的小鸟/愤怒的小鸟素材/角色/Pig1.sprite3
b4503eafa1811fa959e2290586a64a9b4a966218;scratch创意编程/愤怒的小鸟/愤怒的小鸟素材/角色/Pig1.sprite3
b474fc69a33fd7f29be94c1e804c5842b11fe7de;marioLetters.sprite3
b49dd5751c3c0a4b767b19347db585c775448389;2. Sala giochi - media/2.2. Arco e frecce/Media Scratch 3.0/Sprite/bersaglio.sprite3
b4af80f269e9343ddaa74742c4a5c0b9dafaa8b3;单元一过关测验 百花争艳的副本/野菊花.sprite3
b4bed13b7347dfdabda4c6d2d7b2fcd3a25a4053;spirit/스크래~1/Hole.sprite3
b4bed13b7347dfdabda4c6d2d7b2fcd3a25a4053;spirit/진로체~1/스크래치 소스/Hole.sprite3
b4bed13b7347dfdabda4c6d2d7b2fcd3a25a4053;spring/.metadata/.plugins/org.eclipse.wst.server.core/tmp1/wtpwebapps/KakaoTalk_File_20190614_1732_31829/resources/upload_file/20195811355951.sprite3
b4bed13b7347dfdabda4c6d2d7b2fcd3a25a4053;spring/.metadata/.plugins/org.eclipse.wst.server.core/tmp1/wtpwebapps/KakaoTalk_File_20190614_1732_31829/resources/upload_file/2019581161495.sprite3
b4bed13b7347dfdabda4c6d2d7b2fcd3a25a4053;spring/.metadata/.plugins/org.eclipse.wst.server.core/tmp1/wtpwebapps/KakaoTalk_File_20190614_1732_31829/resources/upload_file/20195811726434.sprite3
b4bed13b7347dfdabda4c6d2d7b2fcd3a25a4053;spring/.metadata/.plugins/org.eclipse.wst.server.core/tmp1/wtpwebapps/KakaoTalk_File_20190614_1732_31829/resources/upload_file/20195812235821.sprite3
b4bed13b7347dfdabda4c6d2d7b2fcd3a25a4053;spring/.metadata/.plugins/org.eclipse.wst.server.core/tmp1/wtpwebapps/KakaoTalk_File_20190614_1732_31829/resources/upload_file/2019582553449.sprite3
b4bed13b7347dfdabda4c6d2d7b2fcd3a25a4053;spring/code/src/main/webapp/resources/upload_file/20195168131766.sprite3
b4bed13b7347dfdabda4c6d2d7b2fcd3a25a4053;src/main/webapp/resources/upload_file/20195168131766.sprite3
b4c0237d54e3d4ad6170d45209566831c6754772;docs/6_codes/Key.sprite3
b6379086542b69432e6da2bf2f253334232fa40a;terminal3.sprite3
b6715a48081171c0e3a08845d2c0bb6897833291;4 一闪一闪亮晶晶的副本/素材/星星.sprite3
b6a8b78e654b27d964b988654fd7abcdb6ee7066;1. Videogames - Media/1.2. Il circuito Scratch 3.0/Sprite/traguardo.sprite3
b7a0630c117317350ab488cfc9cc8e97ffa8585f;scratch/scratch入门正式课（48讲）/第44讲/打鸭子素材/角色/Dog.sprite3
b7a0630c117317350ab488cfc9cc8e97ffa8585f;scratch/scratch入门正式课（48讲）/课设—打鸭子/打鸭子素材/角色/Dog.sprite3
b7a0630c117317350ab488cfc9cc8e97ffa8585f;scratch创意编程/保卫家园/保卫家园素材/角色/Dog.sprite3
b7a0630c117317350ab488cfc9cc8e97ffa8585f;scratch创意编程/打鸭子/打鸭子素材/角色/Dog.sprite3
b899736b6ce4ac619c797c24730f60e3e7a51aa3;content/uebungsanleitungen/programmieren/scratch/dragons-realm/Background.sprite3
b899736b6ce4ac619c797c24730f60e3e7a51aa3;public/uebungsanleitungen/programmieren/scratch/dragons-realm/Background.sprite3
b899736b6ce4ac619c797c24730f60e3e7a51aa3;static/uebungsanleitungen/programmieren/scratch/scratch-dragons-realm-v3/Background.sprite3
b899736b6ce4ac619c797c24730f60e3e7a51aa3;static/uebungsbeispiele/scratch/scratch-dragons-realm-v3/Background.sprite3
b899736b6ce4ac619c797c24730f60e3e7a51aa3;trainingsanleitungen/scratch/dragons-realm-v3/Background.sprite3
b899736b6ce4ac619c797c24730f60e3e7a51aa3;trainingsanleitungen/scratch/scratch-dragons-realm-v3/Background.sprite3
b899736b6ce4ac619c797c24730f60e3e7a51aa3;uebungsanleitungen/programmieren/scratch/dragons-realm-v3/Background.sprite3
b899736b6ce4ac619c797c24730f60e3e7a51aa3;uebungsanleitungen/programmieren/scratch/dragons-realm/Background.sprite3
b899736b6ce4ac619c797c24730f60e3e7a51aa3;uebungsanleitungen/programmieren/scratch/scratch-dragons-realm-v3/Background.sprite3
b899736b6ce4ac619c797c24730f60e3e7a51aa3;uebungsanleitungen/scratch/scratch-dragons-realm-v3/Background.sprite3
b8a78d51a0e9436cda4a8e0b46c408aa18540974;scratch/scratch入门正式课/第35讲/角色/trombone.sprite3
b8a78d51a0e9436cda4a8e0b46c408aa18540974;scratch/scratch入门正式课（48讲）/第35讲/角色/trombone.sprite3
ba08360129f62b1619ab89e19a2a15a53b0adf9e;gexSprite2.sprite3
ba41b342ba8ede9da9ef4a688f0c9e70b336f7cd;Ball.sprite3
ba41b342ba8ede9da9ef4a688f0c9e70b336f7cd;Scratch/Ball.sprite3
baa6d305a177a5fbee5076746d9ec11536bf08cd;detttt2.sprite3
bb07213524ecfbb0abdd29e7275f988c0d935183;docs/6_adventure/Menu.sprite3
bb328a97481b09e538c6565e18f45dab3578af4a;Workshop/changeskin/skin.sprite3
bb38ad285655b87354760ef2398d5e8b8ec0b637;games/PacMan/Inky.sprite3
bb7c71565d6a5df07614aaffe21c42bcbd4106cb;2. Sala giochi - media/2.4. Space Invaders/Media Scratch 3.0/Sprite/cannoncino.sprite3
bbc9ad8a21baf57f17e4ba938f4e3794edabb616;1. Videogames - Media/1.5. Ombrello pazzerello Scratch 3.0/Sprite/goccia.sprite3
bc9ef8a9f7a3dba08b56ba51d4196fd92e0a8b26;2 小小魔术师的副本/素材/魔术师小景.sprite3
bcdcdccfd0a50b239d6371241888ff7624ce6b71;1. Videogames - Media/1.6. Insalata di meduse Scratch 3.0/Sprite/tartaruga1.sprite3
bd5574c17a0d696eba43c0cd55b40d6b98698662;2. Sala giochi - media/2.1. Pong/Media Scratch 3.0/Sprite/Ball.sprite3
bd80ee9c3eb8ed0c94b10190341255fe40cc07f9;materials/pitfall/Barrel.sprite3
bd9a9929ef63db7ec5270546103a82be51ce882f;assets/aa.sprite3
be41b32fe6e0b0e47b648748caf9e2c639b4dee7;Mario.sprite3
be768254854e3b07fba65ceef5bbd3756330a793;Sprite4crosshair.sprite3
c070761717ade09d8ac71fe15eaedd2c3114c1ae;scratch/sprites/up.sprite3
c0e0be4a88f04c904c57734d5e4dfd46a87916ab;MEDIA_CODING_3/FILE MEDIA 3/DRAGO MATEMATICO/Media Scratch 3.0/Sprite/drago verde.sprite3
c0e2d5959286e2daa74cb38b1e2c6b476a842f6e;scratch/scratch入门正式课（48讲）/第44讲/打鸭子素材/角色/BrushWood.sprite3
c0e2d5959286e2daa74cb38b1e2c6b476a842f6e;scratch/scratch入门正式课（48讲）/课设—打鸭子/打鸭子素材/角色/BrushWood.sprite3
c0e2d5959286e2daa74cb38b1e2c6b476a842f6e;scratch创意编程/保卫家园/保卫家园素材/角色/BrushWood.sprite3
c0e2d5959286e2daa74cb38b1e2c6b476a842f6e;scratch创意编程/打鸭子/打鸭子素材/角色/BrushWood.sprite3
c0ea0826c0f8c2e606c519b5facb9cb723da7cb9;scratch/Sprite2.sprite3
c12d107ea6e4dfc05fa9fc6ceb7c3e7dc090bf99;kernel.sprite3
c12d107ea6e4dfc05fa9fc6ceb7c3e7dc090bf99;sprite3/kernel.sprite3
c169b56e5dfcdcce5daf2995374ff40a5e2723b9;RockPaperScissors(Scratch)/WIzard.sprite3
c2a5e6fcb1a4a8d484a293a6e3fddb3eddf5339d;NinjaWlaking.sprite3
c2b87437d59fdaa5c0930e35805e5438be70ca80;file 1.sprite3
c35897e271d2ec4e2ea359ff135ece087e64eea4;X-Wing.sprite3
c3d2472b42aacfd8b83ef9c281a4e0638f416983;Sprite1.sprite3
c56d57762c71ff4506626320932def619440c166;init.sprite3
c56d57762c71ff4506626320932def619440c166;sprite3/init.sprite3
c6e1798e1cae7d91bced001fc4c696f93cdd979c;scratch/scratch入门正式课/第25讲/等号.sprite3
c6e1798e1cae7d91bced001fc4c696f93cdd979c;scratch/scratch入门正式课（48讲）/第25讲/等号.sprite3
c70b84675cfd6699bbcc4f9155dc01af207ff812;tv/true/assets/true.sprite3
c8960a16d1aaade372de6c82fe5ac782d197d020;Flappy Bird.sprite3
c8bc639e336e1dc7d2de5ac777d8ab5d0d4c3a5a;scratch/scratch入门正式课/第35讲/角色/Left.sprite3
c8bc639e336e1dc7d2de5ac777d8ab5d0d4c3a5a;scratch/scratch入门正式课（48讲）/第35讲/角色/Left.sprite3
c9139a802b2cecaebdef5472a053671be73b937f;Scratch/Atores/Nave.sprite3
c9cc4dc156614bf229169a01f92efcb393aa436e;Incoming3.sprite3
c9e83bb0e0fbb0acf08055ae5b8eef15576ab67b;scratch/scratch入门正式课（48讲）/课设—愤怒的小鸟/愤怒的小鸟素材/角色/Angry Bird.sprite3
c9e83bb0e0fbb0acf08055ae5b8eef15576ab67b;scratch创意编程/愤怒的小鸟/愤怒的小鸟素材/角色/Angry Bird.sprite3
ca1a8d9c72e52aab76a84ee1ad185ca31e1bfe6c;scratch/scratch入门正式课/第26讲/Nemo.sprite3
ca1a8d9c72e52aab76a84ee1ad185ca31e1bfe6c;scratch/scratch入门正式课（48讲）/第26讲/Nemo.sprite3
cb11984f2b4f43eccb6712ecaca63f3bcb9e673e;scratch/scratch入门正式课（48讲）/课设—愤怒的小鸟/愤怒的小鸟素材/角色/Launcher.sprite3
cb11984f2b4f43eccb6712ecaca63f3bcb9e673e;scratch创意编程/愤怒的小鸟/愤怒的小鸟素材/角色/Launcher.sprite3
cb7eb143482bcc0d115e5c2cd8e4510e2a4a0566;单元一过关测验 百花争艳的副本/百合花.sprite3
cbd51644c645275f180738e64cdfe930bcbcbcee;Term 1/net.sprite3
cbd51644c645275f180738e64cdfe930bcbcbcee;net.sprite3
cc312e8f55d8dc314bb5506e3ebdc0256ccfcd13;Sprite110.sprite3
cc45580388e6f100e4cf5219dbb59d00d5863118;TIE.sprite3
cc4845c8e56f8ea135350133b5765c8fdf0f422e;자유낙하하는 인간.sprite3
cc60811259431ce287c965c3535d5276333914a3;games/Voltron/assets/voltron.sprite3
cc60811259431ce287c965c3535d5276333914a3;gams/Voltron/assets/voltron.sprite3
cd4f48c7bb08348e10c8751f1622a6ebff02f202;materials/createYourOwnWorld/Enemy.sprite3
cde2b6cd357450e3510d0d6544fc7c9ab6f21dc8;Scanline_320x240x4.sprite3
ce58feb5b3a499312a4a7b56e2084fa88f628e82;materials/createYourOwnWorld/Coin.sprite3
cf1e1e0710d09925bde6f8b2c304cc2a67805820;content/uebungsanleitungen/programmieren/scratch/pac-man/Pill.sprite3
cf1e1e0710d09925bde6f8b2c304cc2a67805820;public/uebungsanleitungen/programmieren/scratch/pac-man/Pill.sprite3
cf1e1e0710d09925bde6f8b2c304cc2a67805820;static/uebungsanleitungen/programmieren/scratch/scratch-pac-man-v3/Pill.sprite3
cf1e1e0710d09925bde6f8b2c304cc2a67805820;static/uebungsbeispiele/scratch/scratch-pac-man-v3/Pill.sprite3
cf1e1e0710d09925bde6f8b2c304cc2a67805820;trainingsanleitungen/scratch/scratch-pac-man-v3/Pill.sprite3
cf1e1e0710d09925bde6f8b2c304cc2a67805820;uebungsanleitungen/programmieren/scratch/pac-man-v3/Pill.sprite3
cf1e1e0710d09925bde6f8b2c304cc2a67805820;uebungsanleitungen/programmieren/scratch/pac-man/Pill.sprite3
cf1e1e0710d09925bde6f8b2c304cc2a67805820;uebungsanleitungen/programmieren/scratch/scratch-pac-man-v3/Pill.sprite3
cf1e1e0710d09925bde6f8b2c304cc2a67805820;uebungsanleitungen/scratch/scratch-pac-man-v3/Pill.sprite3
cf226f31d0eaba091d33e53b329db5478f9df891;quantum.sprite3
cf226f31d0eaba091d33e53b329db5478f9df891;sprite3/quantum.sprite3
d0f180d749fbc63679e727b7d4daff224a6870e0;scratch/images/jerry.sprite3
d21574a38290d3d04e11528f42a7e9f81be2d463;MEDIA_CODING_3/FILE MEDIA 3/SIBILLA/Media Scratch 3.0/Sprite/bottone2.sprite3
d38fdda09af81e4e6a4e85d83359f35aeb17b2e5;MEDIA_CODING_3/FILE MEDIA 3/LUMACODROMO/Media Scratch 3.0/Sprite/lumaca2.sprite3
d391de21efbdf26641a7bf342687a248c47e63d4;aaron/树2.sprite3
d3c39ded1b580b8653c507604680247be6d2060b;materials/goldMiner/Claw.sprite3
d4ed0b2cdb7fedb2c19056efafd5e3f96f76608a;materials/pitfall/Rope.sprite3
d6281b4f1b316654c837632ebf1d7cadbe573a10;Mario(1).sprite3
d7e14c2d2ab907e0aaf0bc6fe64e308755497cbe;BomberSprite2.sprite3
d81f1d8cf28d1792896ab3e4f0327563f4dc76e1;Sprites/Fighter.sprite3
d8d7b9d0abec98499b4ce02146d03c30917af11c;1 悟空变变变的副本/素材/兔子.sprite3
d9007fad2e809ead4656097684f99458e442e8eb;Level 3.sprite3
d9a1ecab15d2cd362a817a8734c346e04b57c7d6;MEDIA_CODING_3/FILE MEDIA 3/ZITTO E NUOTA/Media Scratch 3.0/Sprite/pesci.sprite3
d9d9d7c72bdedb14852297c9bcbfee392581483d;scratch/resources/提示文字.sprite3
da852acbe6b4c6b5bf474b73bae2068b89022dba;scratch/scratch入门正式课/第32讲/角色/Thumbnail.sprite3
da852acbe6b4c6b5bf474b73bae2068b89022dba;scratch/scratch入门正式课（48讲）/第32讲/角色/Thumbnail.sprite3
daa429367fb44c5bdf9209bb67fd7c8e7f7be2de;REDBOMBERSprite3.sprite3
daeed62c40a20a974875812ad754cbb4a9a6e8ff;Level 1.sprite3
dc328c44ae88ab83816b79b897a1a71e8440ef66;pset0/My Scratch Project/Sprites/Vegeta/Sprite5.sprite3
dc328c44ae88ab83816b79b897a1a71e8440ef66;pset0/Sprites/Vegeta/Sprite5.sprite3
dcbf9546efd3e73459572ebbf531de64ef074426;scratch/拔苗助长课堂素材/农夫.sprite3
dcbf9546efd3e73459572ebbf531de64ef074426;scratch/棒棒堂网课/拔苗助长课堂素材/农夫.sprite3
de33e3f6f81360dcbcb092bf20fdc1ffb6830121;CROSSHAIRSprite3.sprite3
de9efac200e1d5966f98d413a42d899dfb4f55f3;art2.sprite3
defa6081981b10e85ba677d097cba4aa1766b754;content/uebungsanleitungen/programmieren/scratch/dragons-realm/Knight.sprite3
defa6081981b10e85ba677d097cba4aa1766b754;public/uebungsanleitungen/programmieren/scratch/dragons-realm/Knight.sprite3
defa6081981b10e85ba677d097cba4aa1766b754;static/uebungsanleitungen/programmieren/scratch/scratch-dragons-realm-v3/Knight.sprite3
defa6081981b10e85ba677d097cba4aa1766b754;static/uebungsbeispiele/scratch/scratch-dragons-realm-v3/Knight.sprite3
defa6081981b10e85ba677d097cba4aa1766b754;trainingsanleitungen/scratch/dragons-realm-v3/Knight.sprite3
defa6081981b10e85ba677d097cba4aa1766b754;trainingsanleitungen/scratch/scratch-dragons-realm-v3/Knight.sprite3
defa6081981b10e85ba677d097cba4aa1766b754;uebungsanleitungen/programmieren/scratch/dragons-realm-v3/Knight.sprite3
defa6081981b10e85ba677d097cba4aa1766b754;uebungsanleitungen/programmieren/scratch/dragons-realm/Knight.sprite3
defa6081981b10e85ba677d097cba4aa1766b754;uebungsanleitungen/programmieren/scratch/scratch-dragons-realm-v3/Knight.sprite3
defa6081981b10e85ba677d097cba4aa1766b754;uebungsanleitungen/scratch/scratch-dragons-realm-v3/Knight.sprite3
dfa5122714bcab06c7bcf9e265aff6224422d659;enter3.sprite3
dfaec86fcd9697885a58c4a3772d9740df80d571;scratch/resources/提示文字.sprite3
dff5edd16f85e642c50d4b900e821eabcfcce088;Workshop/virus/Ball4 (1).sprite3
e140c8ffc76b03975ca317ba73df3f6322c4885a;1. Videogames - Media/1.3. Prova a prendermi Scratch 3.0/Sprite/alieno4.sprite3
e234bd7f9a1aebc1167d32de115d2f34e87c72fd;PicoApresentação.sprite3
e234bd7f9a1aebc1167d32de115d2f34e87c72fd;Scratch/PicoApresentação.sprite3
e27f1686ec60dac5572ae417cb1a7e36109c774b;Wall5.sprite3
e2f4bd14600ec0b22dc383af8cc865b8e534f249;materials/catchTheDots/Dot.sprite3
e324ec1db9c716cd65af102a0d817e46244aba34;REDJETSprite4.sprite3
e3a376371d112ac6020408625a1d51a3a2b65fd8;scratch/scratch入门正式课/第32讲/角色/Train.sprite3
e3a376371d112ac6020408625a1d51a3a2b65fd8;scratch/scratch入门正式课（48讲）/第32讲/角色/Train.sprite3
e3ac7bc23421254b251b72dcd7f5063f27ca7607;scratch/scratch入门正式课/第35讲/角色/Right.sprite3
e3ac7bc23421254b251b72dcd7f5063f27ca7607;scratch/scratch入门正式课（48讲）/第35讲/角色/Right.sprite3
e41479b8f48d0488a4458808a623ba3a29a294aa;scratch/scratch入门正式课/第35讲/角色/snare drum.sprite3
e41479b8f48d0488a4458808a623ba3a29a294aa;scratch/scratch入门正式课（48讲）/第35讲/角色/snare drum.sprite3
e5d599bd41184849f92891206006c8b7e4d4e9eb;Scratch/Atores/Pico.sprite3
e6183b46c99f8a104c80c91c18a04013638407b2;materials/burgerShop/Spatula.sprite3
e6a4cf650d778db1c20c2ef35638593da6b02a5c;ventilador.sprite3
e6f2b291f7a2d15e552ed30a1ed67f3ffdeb93ae;scratch/Sprite3.sprite3
e6f58f4a79c62db0b43ce453ef6e1a0dd787a0ef;materials/goldMiner/ShopItems.sprite3
e7884f2dfefbb30ca228cd5cf3dbc353ac8fbb6c;Workshop/Anna/barre.sprite3
e8f57ccc7b6e2e8582d40e3e5168c24bea21ae35;scratch/scratch入门正式课/第30讲/角色/Update.sprite3
e8f57ccc7b6e2e8582d40e3e5168c24bea21ae35;scratch/scratch入门正式课（12讲）/第11讲/角色/Update.sprite3
e8f57ccc7b6e2e8582d40e3e5168c24bea21ae35;scratch/scratch入门正式课（48讲）/第30讲/角色/Update.sprite3
e936e2b0e9fd08537a86768ea298ed395e7b62f1;docs/6_codes/Morse.sprite3
e9cfd022005de71905b1bd0d74f1cbc564abc8f0;Workshop/Steve/Ball2 (1).sprite3
e9df90d09c921b62c91c09ec0993b2f9bf54ea2d;materials/createYourOwnWorld/Person.sprite3
eaed033e06c14004ce90270d0465cf908ac5a2be;Pico.sprite3
eaed033e06c14004ce90270d0465cf908ac5a2be;Scratch/Pico.sprite3
eb927f81dad9bce51fb62b5af4cda48032b261cc;Upside Down/Goblin(Upside Down).sprite3
ebeed4731ad39d7c6886174064480c19daadc35d;Incoming1.sprite3
ec39154a5d16b8550099832eae592c7fc65f135d;docs/4_scenario/Button.sprite3
ec8c508ba3dafc9b730af6cfe844ede723f81022;scratch/scratch入门正式课/第25讲/sign.sprite3
ec8c508ba3dafc9b730af6cfe844ede723f81022;scratch/scratch入门正式课（48讲）/第25讲/sign.sprite3
ecaf63ab48763278919f7326ff483639eba49e2b;2. Sala giochi - media/2.4. Space Invaders/Media Scratch 3.0/Sprite/proiettile.sprite3
eeca11dbfd7a8e464518827e1f59c3e41667411f;Monster Bullet.sprite3
eee7f5e98c5bdff73e4e2f0078d6cbd61e51cf00;1. Videogames - Media/1.5. Ombrello pazzerello Scratch 3.0/Sprite/ombrello2.sprite3
eeff62ab59913262891c6d18f4c1423ff3a2ca99;P0-Final-Project/img/Oscar.sprite3
eeff62ab59913262891c6d18f4c1423ff3a2ca99;_site/P0-Final-Project/img/Oscar.sprite3
ef020bcff30dad1d40d1e28baec80e7105f6e1dc;scratch/scratch入门正式课（48讲）/第44讲/打鸭子素材/角色/Duck2.sprite3
ef020bcff30dad1d40d1e28baec80e7105f6e1dc;scratch/scratch入门正式课（48讲）/课设—打鸭子/打鸭子素材/角色/Duck2.sprite3
ef020bcff30dad1d40d1e28baec80e7105f6e1dc;scratch创意编程/保卫家园/保卫家园素材/角色/Duck2.sprite3
ef020bcff30dad1d40d1e28baec80e7105f6e1dc;scratch创意编程/打鸭子/打鸭子素材/角色/Duck2.sprite3
ef5fe1f68e2ccc8c404591584df17b9eea293cc5;MEDIA_CODING_3/FILE MEDIA 3/LUMACODROMO/Media Scratch 3.0/Sprite/lattuga.sprite3
efb52d3d316fe7eecb065e299efef6188b9a0057;Workshop/changeskin/change.sprite3
f105f9fc540c5815660475f986121456d8c9fc23;Upside Down/Drums Tabla(Upside Down).sprite3
f115861a3b0451b9de891a0bc946c8dc8d0f908b;Aim7missile.sprite3
f13f6be1aed98336b89ebe4e3a7907376d3d0cac;menu1.sprite3
f29e34ab68d6b0b64ab7db09ec0de809dbd549dc;Python2021/images/Soccer Ball.sprite3
f330d3344385526e31c27f6e44d3a34a593bbc2b;1. Videogames - Media/1.2. Il circuito Scratch 3.0/Sprite/macchina3.sprite3
f3b60c13257509c7c8e9a3a9a34787547b4c279b;scratch/scratch入门正式课/第25讲/问号.sprite3
f3b60c13257509c7c8e9a3a9a34787547b4c279b;scratch/scratch入门正式课（48讲）/第25讲/问号.sprite3
f3d6053b837f026dae28f5c952cedc855ea0d418;Sprite3.sprite3
f3e11889a21b366664410604cde078c9e5e2ac31;Workshop/score-board/score_board_button1.sprite3
f4024b185b4d8b114d0e0a63da4469dcfce17600;1 悟空变变变的副本/素材/小猴子.sprite3
f4a0a6ae341d5e20a31fcedb540c4483b4976c28;materials/donkeyKong/Mario.sprite3
f4e1970ac3380d1fff5e999c1adedc735eec48a3;mySprite/num.sprite3
f53577b11e2b988959e6dd239d4ef9a885ed5b59;pset0/My Scratch Project/Sprites/Goku/Sprite5.sprite3
f53577b11e2b988959e6dd239d4ef9a885ed5b59;pset0/Sprites/Goku/Sprite5.sprite3
f5c876d71a0dfc71ebc14c3564d79f72ebf4ebd5;MEDIA_CODING_3/FILE MEDIA 3/LUMACODROMO/Media Scratch 3.0/Sprite/Mazzo2.sprite3
f5eb9def2f480b924106d8169a26a863286184cb;scratch/scratch入门正式课/第32讲/角色/Clouds.sprite3
f5eb9def2f480b924106d8169a26a863286184cb;scratch/scratch入门正式课（48讲）/第32讲/角色/Clouds.sprite3
f73b854c5f1a2ca8c910f478e0e1828ac2590f39;Wall3.sprite3
f805b177681ebb2abb071d2f9b16146f55face11;Sprite16.sprite3
f8b4b2b366c13e2085700bdae48c6ae244de6c17;scratch/scratch入门正式课（48讲）/课设—愤怒的小鸟/愤怒的小鸟素材/角色/Pig2.sprite3
f8b4b2b366c13e2085700bdae48c6ae244de6c17;scratch创意编程/愤怒的小鸟/愤怒的小鸟素材/角色/Pig2.sprite3
f91d06395d45589dcebc0126b42fd7b92cd529ad;scratch/垃圾分类/清洁工1.sprite3
f9445d6b031338daad7319b2527bb4c6262b1175;Workshop/Arrow1_beta.sprite3
f9ad0f0ae2668a43872778926b17d43bcd20ddae;testscript.sprite3
fb159415278afbfab8f03af131a843a8fee1c9c9;Goomba.sprite3
fbdc05ca718e4ab1496abb229a8b57804574655f;content/uebungsanleitungen/programmieren/scratch/dragons-realm/Spear.sprite3
fbdc05ca718e4ab1496abb229a8b57804574655f;public/uebungsanleitungen/programmieren/scratch/dragons-realm/Spear.sprite3
fbdc05ca718e4ab1496abb229a8b57804574655f;static/uebungsanleitungen/programmieren/scratch/scratch-dragons-realm-v3/Spear.sprite3
fbdc05ca718e4ab1496abb229a8b57804574655f;static/uebungsbeispiele/scratch/scratch-dragons-realm-v3/Spear.sprite3
fbdc05ca718e4ab1496abb229a8b57804574655f;trainingsanleitungen/scratch/dragons-realm-v3/Spear.sprite3
fbdc05ca718e4ab1496abb229a8b57804574655f;trainingsanleitungen/scratch/scratch-dragons-realm-v3/Spear.sprite3
fbdc05ca718e4ab1496abb229a8b57804574655f;uebungsanleitungen/programmieren/scratch/dragons-realm-v3/Spear.sprite3
fbdc05ca718e4ab1496abb229a8b57804574655f;uebungsanleitungen/programmieren/scratch/dragons-realm/Spear.sprite3
fbdc05ca718e4ab1496abb229a8b57804574655f;uebungsanleitungen/programmieren/scratch/scratch-dragons-realm-v3/Spear.sprite3
fbdc05ca718e4ab1496abb229a8b57804574655f;uebungsanleitungen/scratch/scratch-dragons-realm-v3/Spear.sprite3
fc3745ad84525c754a6f4836cd162097b7a6d9ed;2. Sala giochi - media/2.2. Arco e frecce/Media Scratch 3.0/Sprite/manichetta_vento.sprite3
fc74312b4eaf509476e1f24de276dd2ffd741212;Toucan.sprite3
fc7a06855c5c6b213910b6a8a1b73296a2963e0a;exitbook1.sprite3
fca8f01be947a345a9cdff9322cd4592fc05b449;الحواجز- .sprite3
fd1bbd8ae6989387d6ac5d3ce3b892c5139f8bdc;Workshop/shooter/Ball3.sprite3
fd5625dc0c1c6c1d777bed0d343923f1eb0c4cab;content/uebungsanleitungen/programmieren/scratch/pac-man/PacMan.sprite3
fd5625dc0c1c6c1d777bed0d343923f1eb0c4cab;public/uebungsanleitungen/programmieren/scratch/pac-man/PacMan.sprite3
fd5625dc0c1c6c1d777bed0d343923f1eb0c4cab;static/uebungsanleitungen/programmieren/scratch/scratch-pac-man-v3/PacMan.sprite3
fd5625dc0c1c6c1d777bed0d343923f1eb0c4cab;static/uebungsbeispiele/scratch/scratch-pac-man-v3/PacMan.sprite3
fd5625dc0c1c6c1d777bed0d343923f1eb0c4cab;trainingsanleitungen/scratch/scratch-pac-man-v3/PacMan.sprite3
fd5625dc0c1c6c1d777bed0d343923f1eb0c4cab;uebungsanleitungen/programmieren/scratch/pac-man-v3/PacMan.sprite3
fd5625dc0c1c6c1d777bed0d343923f1eb0c4cab;uebungsanleitungen/programmieren/scratch/pac-man/PacMan.sprite3
fd5625dc0c1c6c1d777bed0d343923f1eb0c4cab;uebungsanleitungen/programmieren/scratch/scratch-pac-man-v3/PacMan.sprite3
fd5625dc0c1c6c1d777bed0d343923f1eb0c4cab;uebungsanleitungen/scratch/scratch-pac-man-v3/PacMan.sprite3
fece4b641b8736e9836de583d3c537a05576d7bc;Workshop/Anna/bord2.sprite3
ff11e2ed2fa2e5745afb30be307993c6935cdc57;pset0/My Scratch Project/Sprites/Goku/Sprite3.sprite3
ff11e2ed2fa2e5745afb30be307993c6935cdc57;pset0/Sprites/Goku/Sprite3.sprite3
ff3c7f7c08de61afd46d808b425394199e451c53;ASSC 3rdGEN PEV.sprite3
ff3c7f7c08de61afd46d808b425394199e451c53;角色1.sprite3
ff9b23851b86fa8a616772780b3571ff95ebe023;Andie.sprite3
